Target,gRNA,Expected_Cuts
target_intergenic_38_6_37345119:37345269.fasta,GTACTTAGCTAAACAGAGACAGG,1.0
target_duplicated_36_NC_000080.7_114498082:114498232.fasta,TGAAATCAGTCTACTTGTAAAGG,1.0
target_duplicated_36_NC_000080.7_114498082:114498232.fasta,GAAATCAGTCTACTTGTAAAGGG,1.0
target_gene_42_12_51875640:51875790.fasta,GGGACCGGGGACGTCCCGCTGGG,1.0
target_gene_42_12_51875640:51875790.fasta,AAGGACAAGGAGCGCGTAGCCGG,1.0
target_gene_42_12_51875640:51875790.fasta,GGGGACCGGGGACGTCCCGCTGG,1.0
target_gene_42_12_51875640:51875790.fasta,TAAGGCTCAGCCGCCCGGCGGGG,1.0
target_gene_42_12_51875640:51875790.fasta,GTAAGGCTCAGCCGCCCGGCGGG,1.0
target_gene_42_12_51875640:51875790.fasta,CGGGCGGCTGAGCCTTACCAAGG,1.0
target_gene_42_12_51875640:51875790.fasta,GAGGAAGCCGCCGAGCGGCTGGG,1.0
target_gene_42_12_51875640:51875790.fasta,GAGGCCCAGCGGGACGTCCCCGG,1.0
target_gene_42_12_51875640:51875790.fasta,CTTGGTAAGGCTCAGCCGCCCGG,1.0
target_gene_42_12_51875640:51875790.fasta,CGGCTTCCTCTTGAGCTCGCAGG,1.0
target_gene_42_12_51875640:51875790.fasta,CCCGCACCCCAGCCGCTCGGCGG,1.0
target_gene_42_12_51875640:51875790.fasta,GGGACGTCCCCGGTCCCCGCCGG,1.0
target_gene_42_12_51875640:51875790.fasta,CTCAAGAGGAAGCCGCCGAGCGG,1.0
target_gene_42_12_51875640:51875790.fasta,TCAGCCGCCCGGCGGGGACCGGG,1.0
target_gene_42_12_51875640:51875790.fasta,GGTAAGGCTCAGCCGCCCGGCGG,1.0
target_gene_42_12_51875640:51875790.fasta,GGACGTCCCCGGTCCCCGCCGGG,1.0
target_gene_42_12_51875640:51875790.fasta,AGAGGAAGCCGCCGAGCGGCTGG,1.0
target_gene_42_12_51875640:51875790.fasta,AGCAAACCTGCGAGCTCAAGAGG,1.0
target_gene_42_12_51875640:51875790.fasta,CTCAGCCGCCCGGCGGGGACCGG,1.0
target_gene_42_12_51875640:51875790.fasta,CGTCCCCGGTCCCCGCCGGGCGG,1.0
target_gene_42_12_51875640:51875790.fasta,GGCTACGCGCTCCTTGTCCTTGG,1.0
target_gene_42_12_51875640:51875790.fasta,CCCGCTGGGCCTCCGAGTTCCGG,1.0
target_gene_42_12_51875640:51875790.fasta,AGGAAGCCGCCGAGCGGCTGGGG,1.1091
target_gene_42_12_51875640:51875790.fasta,CGGCTGGGGTGCGGGTCTCCCGG,1.0
target_gene_42_12_51875640:51875790.fasta,CAGCCGCCCGGCGGGGACCGGGG,1.0
target_gene_42_12_51875640:51875790.fasta,CCGGAACTCGGAGGCCCAGCGGG,1.0
target_gene_42_12_51875640:51875790.fasta,CCGCCGAGCGGCTGGGGTGCGGG,1.0
target_gene_42_12_51875640:51875790.fasta,CCCGGAACTCGGAGGCCCAGCGG,1.0
target_gene_42_12_51875640:51875790.fasta,GCTGAGCCTTACCAAGGACAAGG,1.0
target_gene_42_12_51875640:51875790.fasta,CCGCTGGGCCTCCGAGTTCCGGG,1.0
target_gene_42_12_51875640:51875790.fasta,GCCGCCGAGCGGCTGGGGTGCGG,1.6154
target_gene_42_12_51875640:51875790.fasta,CGCGCTCCTTGTCCTTGGTAAGG,1.0
target_gene_6_18_35593854:35594004.fasta,TCACAATGGTTGCCAATGAATGG,1.0
target_gene_30_7_101637666:101637816.fasta,ACCAGTTTTGGTTCCTTTAAAGG,1.5556
target_gene_30_7_101637666:101637816.fasta,TTGCTTTTGCAAACAAGTCAAGG,1.0
target_gene_30_7_101637666:101637816.fasta,TCCTTTAAAGGAACCAAAACTGG,2.1174
target_gene_30_7_101637666:101637816.fasta,AAAGGAACCAAAACTGGTACTGG,1.7253
target_intergenic_10_4_59280999:59281149.fasta,AAAGGGAACACGAGGAACGAGGG,1.0
target_intergenic_10_4_59280999:59281149.fasta,GACTTGTAAACAGACCAAACAGG,1.0
target_intergenic_10_4_59280999:59281149.fasta,AGAAGTTTCTCTGAGCACCGTGG,1.1494
target_intergenic_10_4_59280999:59281149.fasta,AAAAGGGAACACGAGGAACGAGG,1.0
target_intergenic_10_4_59280999:59281149.fasta,GTTTGGTCTGTTTACAAGTCAGG,1.5714
target_intergenic_10_4_59280999:59281149.fasta,ATGAAGCAAAAGGGAACACGAGG,1.0
target_intergenic_10_4_59280999:59281149.fasta,AAGGGAACACGAGGAACGAGGGG,1.0
target_gene_27_2_160736604:160736754.fasta,TAGTCTGTATCAGATCCATTGGG,1.0
target_gene_27_2_160736604:160736754.fasta,CCCCCCAAAAAGAGTCAAGCTGG,1.0
target_gene_27_2_160736604:160736754.fasta,CTAGTCTGTATCAGATCCATTGG,1.0
target_gene_27_2_160736604:160736754.fasta,AGTCTGTATCAGATCCATTGGGG,1.0
target_gene_27_2_160736604:160736754.fasta,GTCTGTATCAGATCCATTGGGGG,1.0
target_gene_27_2_160736604:160736754.fasta,GCCAGCTTGACTCTTTTTGGGGG,1.0
target_gene_27_2_160736604:160736754.fasta,CAGCCAGCTTGACTCTTTTTGGG,1.0
target_gene_27_2_160736604:160736754.fasta,ACAGCCAGCTTGACTCTTTTTGG,1.6
target_gene_27_2_160736604:160736754.fasta,AGCCAGCTTGACTCTTTTTGGGG,1.0
target_gene_27_2_160736604:160736754.fasta,TGTATCAGATCCATTGGGGGTGG,1.0
target_gene_27_2_160736604:160736754.fasta,CCAGCTTGACTCTTTTTGGGGGG,1.0
target_gene_27_2_160736604:160736754.fasta,GTATCAGATCCATTGGGGGTGGG,1.0
target_gene_17_16_88665966:88666116.fasta,TTAGAAGTAAACACGGGACTTGG,1.0
target_gene_17_16_88665966:88666116.fasta,GCAATTCACTCAGTAGAAGTTGG,1.87
target_gene_17_16_88665966:88666116.fasta,GCTGTAATTAGAAGTAAACACGG,1.0
target_gene_17_16_88665966:88666116.fasta,CTGTAATTAGAAGTAAACACGGG,1.0
target_duplicated_9_NC_000069.7_50923738:50923888.fasta,GCCAATCCACAGATCTAAATTGG,1.1667
target_duplicated_9_NC_000069.7_50923738:50923888.fasta,TCCAATTTAGATCTGTGGATTGG,1.0
target_gene_38_3_105892117:105892267.fasta,CATCTACTTCTCATTAGCTGTGG,1.0
target_gene_38_3_105892117:105892267.fasta,TAGTATTTTCAACACTTTGAGGG,1.0
target_intergenic_3_8_126586103:126586253.fasta,AGCGACCTCTTGTGGACGATTGG,1.0
target_intergenic_3_8_126586103:126586253.fasta,TACCACCAATCGTCCACAAGAGG,1.0
target_intergenic_3_8_126586103:126586253.fasta,GGGATAAACGCCACTCTAACAGG,1.0
target_intergenic_3_8_126586103:126586253.fasta,GAGTGGCGTTTATCCCAAAAGGG,1.0
target_intergenic_3_8_126586103:126586253.fasta,GACCTCTTGTGGACGATTGGTGG,1.0
target_intergenic_3_8_126586103:126586253.fasta,ATGGAGAGAGCGACCTCTTGTGG,1.1923
target_intergenic_3_8_126586103:126586253.fasta,GGTACTGACATTAATGATAGTGG,1.0714
target_intergenic_3_8_126586103:126586253.fasta,GTACTGACATTAATGATAGTGGG,1.0
target_intergenic_3_8_126586103:126586253.fasta,AAACGCCACTCTAACAGGTGTGG,1.0
target_intergenic_3_8_126586103:126586253.fasta,TGAACCCACACCTGTTAGAGTGG,1.728
target_intergenic_3_8_126586103:126586253.fasta,AACGCCACTCTAACAGGTGTGGG,1.0
target_intergenic_3_8_126586103:126586253.fasta,CAAGACTTCATGGCCCTTTTGGG,1.1705
target_intergenic_3_8_126586103:126586253.fasta,AGAGTGGCGTTTATCCCAAAAGG,1.7059
target_intergenic_3_8_126586103:126586253.fasta,AGGGCCATGAAGTCTTGGTGAGG,1.0
target_intergenic_3_8_126586103:126586253.fasta,CCAAGACTTCATGGCCCTTTTGG,1.48
target_intergenic_3_8_126586103:126586253.fasta,ATGTCCTCACCAAGACTTCATGG,1.0
target_intergenic_3_8_126586103:126586253.fasta,CCAAAAGGGCCATGAAGTCTTGG,1.2023
target_intergenic_26_1_53631609:53631759.fasta,GTGTCACTGTGGGTGTTGCCTGG,1.1426
target_intergenic_20_4_42954610:42954760.fasta,GAACTCAGTGTCTAGGCTTAGGG,1.0
target_intergenic_20_4_42954610:42954760.fasta,GATCAAGTGCACTGTGACCCAGG,1.0
target_intergenic_20_4_42954610:42954760.fasta,CAGTCTCAGAGGTTTTCCCTGGG,1.0
target_intergenic_20_4_42954610:42954760.fasta,ATCAAGTGCACTGTGACCCAGGG,1.0
target_intergenic_20_4_42954610:42954760.fasta,TCAGTCTCAGAGGTTTTCCCTGG,1.0
target_intergenic_20_4_42954610:42954760.fasta,TCTGAGTGTTGCCTTCACTTGGG,1.5176
target_intergenic_20_4_42954610:42954760.fasta,AGAACTCAGTGTCTAGGCTTAGG,1.0
target_intergenic_20_4_42954610:42954760.fasta,GTCTGAGTGTTGCCTTCACTTGG,1.9402
target_intergenic_20_4_42954610:42954760.fasta,GTGAAGGCAACACTCAGACTCGG,1.0
target_intergenic_20_4_42954610:42954760.fasta,TACCCCAGAACTCAGTGTCTAGG,2.0
target_intergenic_20_4_42954610:42954760.fasta,TAAGCCTAGACACTGAGTTCTGG,1.0
target_duplicated_1_NC_000079.7_13630536:13630686.fasta,TGGAGAAGGCCTCTCCCTCGAGG,1.4211
target_duplicated_1_NC_000079.7_13630536:13630686.fasta,AGAGGCCTTCTCCAGAACAGTGG,1.576
target_gene_8_9_57456702:57456852.fasta,AGATCTTACAAAGCGCAAGCTGG,1.0375
target_gene_8_9_57456702:57456852.fasta,AGGTAGAGTTAGATTCTATCTGG,1.0764
target_gene_8_9_57456702:57456852.fasta,GGCACATAAGCTGTGTGATGAGG,1.0167
target_gene_8_9_57456702:57456852.fasta,GATGAGGGTAAATGATTTAGGGG,1.0
target_gene_8_9_57456702:57456852.fasta,ATGAGGGTAAATGATTTAGGGGG,1.0
target_gene_8_9_57456702:57456852.fasta,TGATGAGGGTAAATGATTTAGGG,1.6
target_gene_8_9_57456702:57456852.fasta,GCACATAAGCTGTGTGATGAGGG,1.0
target_gene_8_9_57456702:57456852.fasta,AGGGTAAATGATTTAGGGGGAGG,1.448
target_gene_8_9_57456702:57456852.fasta,AGCTTATGTGCCTCCTGTTTAGG,1.0
target_gene_8_9_57456702:57456852.fasta,GTGATGAGGGTAAATGATTTAGG,1.0
target_gene_8_9_57456702:57456852.fasta,TAGATTCTATCTGGAGTCTCAGG,1.3702
target_gene_24_11_73144306:73144456.fasta,CAGGGCAGAGCAATCCCGGAGGG,1.0
target_gene_24_11_73144306:73144456.fasta,CCAGGGCAGAGCAATCCCGGAGG,1.0
target_gene_24_11_73144306:73144456.fasta,GTTAGTTACAGCATCTAACTAGG,1.0
target_gene_24_11_73144306:73144456.fasta,AATCTACATCTACTGCCCTCCGG,1.0
target_gene_24_11_73144306:73144456.fasta,ACAGATGCTGTATTTGGTCCAGG,1.0
target_gene_24_11_73144306:73144456.fasta,CACAGGAAGGGAGTCTACCAAGG,1.0
target_gene_24_11_73144306:73144456.fasta,TTGGTAGACTCCCTTCCTGTGGG,1.0
target_gene_24_11_73144306:73144456.fasta,TAACTAACAGATGCTGTATTTGG,1.0
target_gene_24_11_73144306:73144456.fasta,ATCTACATCTACTGCCCTCCGGG,1.0
target_gene_24_11_73144306:73144456.fasta,CCTCCGGGATTGCTCTGCCCTGG,1.0
target_gene_24_11_73144306:73144456.fasta,ACTGTAGATGATGGACAACAGGG,1.0
target_gene_24_11_73144306:73144456.fasta,CAGATGCTGTATTTGGTCCAGGG,1.1333
target_gene_24_11_73144306:73144456.fasta,CTTGGTAGACTCCCTTCCTGTGG,1.081
target_gene_24_11_73144306:73144456.fasta,GCTCACCTGACTGTAGATGATGG,1.0
target_gene_24_11_73144306:73144456.fasta,GACTGTAGATGATGGACAACAGG,1.0
target_gene_24_11_73144306:73144456.fasta,GTTGTCCATCATCTACAGTCAGG,1.0
target_gene_24_11_73144306:73144456.fasta,ACAGGAAGGGAGTCTACCAAGGG,1.0
target_gene_24_11_73144306:73144456.fasta,TGGACAACAGGGATGCCCACAGG,1.0
target_intergenic_6_8_29907485:29907635.fasta,ACAAAATGTGACCTTAGCTTTGG,1.4545
target_intergenic_21_11_96957855:96958005.fasta,CATTCCACTTCCCCGAGTGTTGG,1.0
target_intergenic_21_11_96957855:96958005.fasta,CAGCACGCCTACCTTGCAAAAGG,1.0
target_intergenic_21_11_96957855:96958005.fasta,ATTCCACTTCCCCGAGTGTTGGG,1.875
target_intergenic_21_11_96957855:96958005.fasta,TGACCCCGCCCCTTTACCCTGGG,1.6513
target_intergenic_21_11_96957855:96958005.fasta,CCGCCCCTCCACCATGAAAGAGG,1.0
target_intergenic_21_11_96957855:96958005.fasta,CTGCAAAATCACCTTTTGCAAGG,1.0
target_intergenic_21_11_96957855:96958005.fasta,AGGGGCGGGCCCAGGGTAAAGGG,1.0
target_intergenic_21_11_96957855:96958005.fasta,CTGACCCCGCCCCTTTACCCTGG,1.0
target_intergenic_21_11_96957855:96958005.fasta,GGAGGCCTCTTTCATGGTGGAGG,1.0
target_intergenic_21_11_96957855:96958005.fasta,AGGCCTCTTTCATGGTGGAGGGG,1.0
target_intergenic_21_11_96957855:96958005.fasta,GGGATAGGAGGCCTCTTTCATGG,1.0
target_intergenic_21_11_96957855:96958005.fasta,GCGGGCCCAGGGTAAAGGGGCGG,1.0
target_intergenic_21_11_96957855:96958005.fasta,GAGGCCTCTTTCATGGTGGAGGG,1.0
target_intergenic_21_11_96957855:96958005.fasta,AAAATCACCTTTTGCAAGGTAGG,1.3636
target_intergenic_21_11_96957855:96958005.fasta,AAAGGTGATTTTGCAGTGGCAGG,1.0
target_intergenic_21_11_96957855:96958005.fasta,TGCAAAAGGTGATTTTGCAGTGG,1.0
target_intergenic_21_11_96957855:96958005.fasta,ATGGTGGAGGGGCGGGCCCAGGG,1.0
target_intergenic_21_11_96957855:96958005.fasta,CATGGTGGAGGGGCGGGCCCAGG,1.45
target_intergenic_21_11_96957855:96958005.fasta,CGGGCCCAGGGTAAAGGGGCGGG,1.0
target_intergenic_21_11_96957855:96958005.fasta,GAGGGGCGGGCCCAGGGTAAAGG,1.6027
target_intergenic_21_11_96957855:96958005.fasta,TCCCCGAGTGTTGGGATAGGAGG,1.0
target_intergenic_21_11_96957855:96958005.fasta,CAGGGTAAAGGGGCGGGGTCAGG,1.0
target_intergenic_21_11_96957855:96958005.fasta,ACTTCCCCGAGTGTTGGGATAGG,1.0
target_intergenic_21_11_96957855:96958005.fasta,GGGGCGGGCCCAGGGTAAAGGGG,1.5101
target_intergenic_21_11_96957855:96958005.fasta,ATAGGAGGCCTCTTTCATGGTGG,1.0
target_intergenic_21_11_96957855:96958005.fasta,CTCTTTCATGGTGGAGGGGCGGG,1.0
target_intergenic_21_11_96957855:96958005.fasta,GGGCCCAGGGTAAAGGGGCGGGG,1.0
target_gene_46_14_57351613:57351763.fasta,TGGCCCTCCAATCCCCTAGCAGG,1.0
target_gene_46_14_57351613:57351763.fasta,ACTACTGCTTTGAGCCCACTAGG,2.0
target_gene_46_14_57351613:57351763.fasta,GAGACATTCTTGGTAGCCATGGG,1.0
target_gene_46_14_57351613:57351763.fasta,GGAGACATTCTTGGTAGCCATGG,1.0392
target_gene_46_14_57351613:57351763.fasta,CATTCTTGGTAGCCATGGGGTGG,1.0
target_gene_46_14_57351613:57351763.fasta,AGACATTCTTGGTAGCCATGGGG,1.0
target_gene_46_14_57351613:57351763.fasta,GGGCCTGCTAGGGGATTGGAGGG,1.0
target_gene_46_14_57351613:57351763.fasta,GTGGGCTCAAAGCAGTAGTTTGG,1.0
target_gene_46_14_57351613:57351763.fasta,TTCACAACTTCTCCCCTTCAAGG,1.0
target_gene_46_14_57351613:57351763.fasta,TGGGGGTGGGGGCCTGCTAGGGG,1.3125
target_gene_46_14_57351613:57351763.fasta,ATTCTTGGTAGCCATGGGGTGGG,1.2167
target_gene_46_14_57351613:57351763.fasta,GTGGGGGCCTGCTAGGGGATTGG,1.0
target_gene_46_14_57351613:57351763.fasta,CCCAGCCTCTCTCCTTGAAGGGG,1.0
target_gene_46_14_57351613:57351763.fasta,GTGGGGGTGGGGGCCTGCTAGGG,1.4018
target_gene_46_14_57351613:57351763.fasta,CTTCTCCCCTTCAAGGAGAGAGG,1.0
target_gene_46_14_57351613:57351763.fasta,CCCCTTCAAGGAGAGAGGCTGGG,1.0
target_intergenic_13_7_73148268:73148418.fasta,CTTCTCATTGGAATTTGCTGAGG,1.0
target_duplicated_34_NC_000068.8_128777845:128777995.fasta,ATCAAGTGTCTCTCTTACGCAGG,1.0
target_duplicated_34_NC_000068.8_128777845:128777995.fasta,GTCTCCTAGGGACAGCTATGAGG,1.0
target_duplicated_34_NC_000068.8_128777845:128777995.fasta,GTGACCTCATAGCTGTCCCTAGG,1.3818
target_gene_32_13_95838240:95838390.fasta,AATGGAGCGCTTGCCAGACCTGG,1.0
target_gene_32_13_95838240:95838390.fasta,GTGCTGGGTTCAACCAGGTCTGG,1.6769
target_gene_32_13_95838240:95838390.fasta,GTTGCAGAGGAGCTGAAAAATGG,1.0
target_gene_1_2_119157073:119157223.fasta,ATGCACCGGGAGATAACCGAAGG,1.0
target_gene_1_2_119157073:119157223.fasta,TGCACCGGGAGATAACCGAAGGG,1.0
target_gene_1_2_119157073:119157223.fasta,CTCCTTTCCAAAGCGCTCTCTGG,1.0
target_gene_1_2_119157073:119157223.fasta,GTTCTCTCATAGGATCATCCCGG,1.0
target_gene_1_2_119157073:119157223.fasta,CTCCAGAGAGCGCTTTGGAAAGG,1.0
target_gene_1_2_119157073:119157223.fasta,CTTTCCCTTCGGTTATCTCCCGG,1.0
target_gene_1_2_119157073:119157223.fasta,AGCGCTTTGGAAAGGAGCTCTGG,1.1795
target_gene_1_2_119157073:119157223.fasta,GGATGATCCTATGAGAGAACAGG,1.0
target_gene_1_2_119157073:119157223.fasta,GGGCTCTCCAGAGAGCGCTTTGG,1.6085
target_gene_1_2_119157073:119157223.fasta,GATGATCCTATGAGAGAACAGGG,1.0
target_gene_1_2_119157073:119157223.fasta,CGCTCTCTGGAGAGCCCCAAGGG,1.0
target_gene_1_2_119157073:119157223.fasta,GGCGCTCCCTTCTTTCCCTTCGG,1.0
target_gene_1_2_119157073:119157223.fasta,GCGCTCTCTGGAGAGCCCCAAGG,1.0
target_gene_1_2_119157073:119157223.fasta,AAGGGAAAGAAGGGAGCGCCGGG,1.0
target_gene_1_2_119157073:119157223.fasta,TGATCCTATGAGAGAACAGGGGG,1.0
target_gene_1_2_119157073:119157223.fasta,GATCCTATGAGAGAACAGGGGGG,1.0
target_gene_1_2_119157073:119157223.fasta,ATGATCCTATGAGAGAACAGGGG,1.0
target_intergenic_28_1_156692260:156692410.fasta,TCACTGGAGAGCAATCTTAAGGG,1.1875
target_intergenic_28_1_156692260:156692410.fasta,GTCACTGGAGAGCAATCTTAAGG,1.4183
target_intergenic_28_1_156692260:156692410.fasta,CACTGGAGAGCAATCTTAAGGGG,1.0
target_intergenic_28_1_156692260:156692410.fasta,AAGGGGTTTGTTGAGGGATTTGG,1.1775
target_intergenic_28_1_156692260:156692410.fasta,CAATCTTAAGGGGTTTGTTGAGG,1.0
target_intergenic_28_1_156692260:156692410.fasta,GAATAGTTTGGCAAGTGTCAAGG,1.0
target_intergenic_28_1_156692260:156692410.fasta,AATCTTAAGGGGTTTGTTGAGGG,1.4815
target_intergenic_28_1_156692260:156692410.fasta,GGACAAATGAATGCTGCTAATGG,1.0
target_intergenic_28_1_156692260:156692410.fasta,TTGTGTAGAGAGGAATAGTTTGG,1.3667
target_intergenic_28_1_156692260:156692410.fasta,CATTCATTTGTCCTTGTCACTGG,1.0
target_intergenic_28_1_156692260:156692410.fasta,AAGATTGCTCTCCAGTGACAAGG,1.0
target_intergenic_28_1_156692260:156692410.fasta,GGCAAGTGTCAAGGAAAAATTGG,1.0
target_gene_21_1_166834917:166835067.fasta,GGAATGATACCAAGACGTTTTGG,1.0
target_gene_21_1_166834917:166835067.fasta,TTATGCAAGCCAAAACGTCTTGG,1.0
target_gene_21_1_166834917:166835067.fasta,AAAACGTCTTGGTATCATTCCGG,1.0
target_gene_21_1_166834917:166835067.fasta,CGTTTTGGCTTGCATAACTCAGG,1.0
target_gene_21_1_166834917:166835067.fasta,GTTTTGGCTTGCATAACTCAGGG,1.0
target_gene_21_1_166834917:166835067.fasta,GAAGTACTCTTCAGTAAGATGGG,1.0
target_gene_21_1_166834917:166835067.fasta,AAATATGGCGAATGTTTCAGTGG,1.0
target_gene_21_1_166834917:166835067.fasta,AAGTACTCTTCAGTAAGATGGGG,1.0
target_gene_21_1_166834917:166835067.fasta,GGAAGTACTCTTCAGTAAGATGG,1.2063
target_gene_21_1_166834917:166835067.fasta,GGCTTGCATAACTCAGGGAGTGG,1.0
target_intergenic_2_2_151902519:151902669.fasta,TATTGTATTGCATTTGCCAGGGG,1.0
target_intergenic_2_2_151902519:151902669.fasta,GTATTGTATTGCATTTGCCAGGG,1.0
target_intergenic_2_2_151902519:151902669.fasta,TGCAGTGGCATGTAGCTTCCTGG,1.619
target_intergenic_2_2_151902519:151902669.fasta,GCAAATGCAATACAATACATAGG,1.0
target_intergenic_2_2_151902519:151902669.fasta,ACATAGGGAAGCTCAGTGCTAGG,1.0
target_intergenic_49_7_137444818:137444968.fasta,TCAAGCACATACAGCCCACCAGG,1.0
target_intergenic_49_7_137444818:137444968.fasta,AAGCACATACAGCCCACCAGGGG,1.0
target_intergenic_49_7_137444818:137444968.fasta,CAAGCACATACAGCCCACCAGGG,1.0
target_gene_44_2_111838721:111838871.fasta,TTTGTCAGCTCATGTCATTGTGG,1.0
target_gene_44_2_111838721:111838871.fasta,GCCATTTCCAACATCACATCTGG,1.0
target_gene_44_2_111838721:111838871.fasta,CCATGTATAGAAGAAGATTAAGG,1.2609
target_gene_44_2_111838721:111838871.fasta,CCTTAATCTTCTTCTATACATGG,1.1867
target_gene_44_2_111838721:111838871.fasta,AATGACATGAGCTGACAAAGTGG,1.3294
target_gene_44_2_111838721:111838871.fasta,CATGTATAGAAGAAGATTAAGGG,1.3497
target_gene_44_2_111838721:111838871.fasta,ATCTTTGGGTAGTTTAGGTAAGG,1.0
target_gene_44_2_111838721:111838871.fasta,AAGAAATCTTTGGGTAGTTTAGG,1.5652
target_gene_44_2_111838721:111838871.fasta,TCCAGATGTGATGTTGGAAATGG,1.1391
target_gene_22_13_31740848:31740998.fasta,TCTTAGCTCCTGCCCGCAAATGG,1.0
target_gene_22_13_31740848:31740998.fasta,GGGAGTAACTGTTTACCACGTGG,1.0
target_gene_22_13_31740848:31740998.fasta,GGCTGGAGGAACGCACCACGTGG,1.0
target_gene_22_13_31740848:31740998.fasta,ATTTGCGGGCAGGAGCTAAGAGG,1.0
target_gene_22_13_31740848:31740998.fasta,AAGAGGCTGTTTTTCGAGGCTGG,1.0
target_gene_22_13_31740848:31740998.fasta,TTGAAAGAGGCTGTTTTTCGAGG,1.0
target_gene_22_13_31740848:31740998.fasta,TGGGCATCTTGACAGCCAGCAGG,1.0
target_gene_22_13_31740848:31740998.fasta,TCGAAAAACAGCCTCTTTCAAGG,1.0
target_gene_22_13_31740848:31740998.fasta,AGGCTGTTTTTCGAGGCTGGAGG,1.1283
target_gene_22_13_31740848:31740998.fasta,CGAAAAACAGCCTCTTTCAAGGG,1.0
target_gene_22_13_31740848:31740998.fasta,TAAGAGGAACCCCTTGAAAGAGG,1.0
target_gene_22_13_31740848:31740998.fasta,CTGATGTTTTGTAGTATGCAGGG,1.0
target_gene_22_13_31740848:31740998.fasta,TCTGATGTTTTGTAGTATGCAGG,1.0375
target_gene_22_13_31740848:31740998.fasta,GAAAAACAGCCTCTTTCAAGGGG,1.0
target_gene_7_5_44756830:44756980.fasta,TCAACTATAAGATTTGGCAAAGG,1.0
target_gene_7_5_44756830:44756980.fasta,TCCAATGGTGGGAGGTAACATGG,1.0
target_gene_7_5_44756830:44756980.fasta,CAAAGGTTTCCAATGGTGGGAGG,1.0
target_gene_7_5_44756830:44756980.fasta,CAAGGATCAACTATAAGATTTGG,1.0
target_gene_7_5_44756830:44756980.fasta,ATACAAGCTGCTCCAAGCAAAGG,1.1176
target_gene_7_5_44756830:44756980.fasta,GCCATGTTACCTCCCACCATTGG,1.0
target_gene_7_5_44756830:44756980.fasta,CTCTCCTTCTATTCAGATTCTGG,1.0
target_gene_7_5_44756830:44756980.fasta,TTGTCCAGAATCTGAATAGAAGG,1.0
target_gene_7_5_44756830:44756980.fasta,AGGGGTAACCTGGGAATCTGGGG,1.0
target_gene_7_5_44756830:44756980.fasta,TGGCAAAGGTTTCCAATGGTGGG,1.0
target_gene_7_5_44756830:44756980.fasta,TTGGCAAAGGTTTCCAATGGTGG,1.0
target_gene_7_5_44756830:44756980.fasta,AAGGGGTAACCTGGGAATCTGGG,1.0
target_gene_7_5_44756830:44756980.fasta,ACAAGCTGCTCCAAGCAAAGGGG,1.0
target_gene_7_5_44756830:44756980.fasta,AAAGGGGTAACCTGGGAATCTGG,1.0
target_gene_7_5_44756830:44756980.fasta,TTCTATTCAGATTCTGGACAAGG,1.0
target_gene_7_5_44756830:44756980.fasta,TCCCAGGTTACCCCTTTGCTTGG,1.2
target_gene_7_5_44756830:44756980.fasta,TACAAGCTGCTCCAAGCAAAGGG,1.0
target_gene_40_10_80195563:80195713.fasta,GGTGCCAAGTGAGTTAAAGTGGG,1.0
target_gene_40_10_80195563:80195713.fasta,CTGCCCCACTTTAACTCACTTGG,1.1569
target_gene_40_10_80195563:80195713.fasta,TGGTGCCAAGTGAGTTAAAGTGG,1.0
target_gene_40_10_80195563:80195713.fasta,GTGCCAAGTGAGTTAAAGTGGGG,1.0
target_gene_40_10_80195563:80195713.fasta,CTTTAACTCACTTGGCACCAAGG,1.0
target_gene_40_10_80195563:80195713.fasta,AACTCACTTGGCACCAAGGTAGG,1.0
target_gene_40_10_80195563:80195713.fasta,GGGCTTGGTTGGTCAGGCACTGG,4.0
target_gene_40_10_80195563:80195713.fasta,CCACCACTGCATCCAGCTATGGG,1.0
target_gene_40_10_80195563:80195713.fasta,CTGCATCCAGCTATGGGTCCAGG,1.0
target_gene_40_10_80195563:80195713.fasta,CCAAGACCTGGACCCATAGCTGG,1.0
target_gene_40_10_80195563:80195713.fasta,GCCACCACTGCATCCAGCTATGG,1.0
target_gene_40_10_80195563:80195713.fasta,TAGGAGCCCAGACCAAGACCTGG,1.0
target_gene_40_10_80195563:80195713.fasta,CAAGTGAGTTAAAGTGGGGCAGG,1.0
target_gene_40_10_80195563:80195713.fasta,CCAGCTATGGGTCCAGGTCTTGG,1.0
target_gene_40_10_80195563:80195713.fasta,TATGGGTCCAGGTCTTGGTCTGG,1.0
target_gene_40_10_80195563:80195713.fasta,AAGTGAGTTAAAGTGGGGCAGGG,1.4706
target_intergenic_1_10_5773429:5773579.fasta,GGTAAGCCACCCGCTCTAGTGGG,1.0
target_intergenic_1_10_5773429:5773579.fasta,CGGTAAGCCACCCGCTCTAGTGG,1.0
target_intergenic_1_10_5773429:5773579.fasta,TCCGAACCCACTAGAGCGGGTGG,1.0
target_intergenic_1_10_5773429:5773579.fasta,GCCACCCGCTCTAGTGGGTTCGG,1.0
target_intergenic_1_10_5773429:5773579.fasta,GGCTTCCGAACCCACTAGAGCGG,1.0
target_intergenic_1_10_5773429:5773579.fasta,TGCTCTAGAGAGCCCAATGGAGG,1.0
target_intergenic_1_10_5773429:5773579.fasta,GACAAGATCTGGAACGCAGATGG,1.0
target_intergenic_1_10_5773429:5773579.fasta,CGTTCCAGATCTTGTCACTAGGG,1.0
target_intergenic_1_10_5773429:5773579.fasta,GCTTCCGAACCCACTAGAGCGGG,1.0
target_intergenic_1_10_5773429:5773579.fasta,GACACGGAGTCATTGCTGCACGG,1.0
target_intergenic_1_10_5773429:5773579.fasta,GCGTTCCAGATCTTGTCACTAGG,1.0
target_intergenic_1_10_5773429:5773579.fasta,AGAACCCTAGTGACAAGATCTGG,1.0
target_intergenic_1_10_5773429:5773579.fasta,GGAGCGGGAGCTGCGGGACACGG,1.0
target_intergenic_1_10_5773429:5773579.fasta,GACTGCTCTAGAGAGCCCAATGG,1.0
target_intergenic_1_10_5773429:5773579.fasta,GGTTCTGACAATCCTCCATTGGG,1.359
target_intergenic_1_10_5773429:5773579.fasta,GACTGCTGAGCGAGAAGGAGCGG,1.0
target_duplicated_49_NC_000082.7_23186295:23186445.fasta,GGAACACTCCACAACCACTTTGG,1.225
target_intergenic_40_13_112955825:112955975.fasta,ATTGCTGTTTGCGGTCAGTGTGG,1.2283
target_intergenic_40_13_112955825:112955975.fasta,TTGCTGTTTGCGGTCAGTGTGGG,1.0588
target_intergenic_40_13_112955825:112955975.fasta,AGCAATCTTTCACACAGCTAGGG,1.4762
target_intergenic_40_13_112955825:112955975.fasta,AGTAATGTACAGCTGAAAGGTGG,1.0
target_intergenic_40_13_112955825:112955975.fasta,CAGCAATCTTTCACACAGCTAGG,1.0
target_intergenic_40_13_112955825:112955975.fasta,GTGTGAAAGATTGCTGTTTGCGG,1.0
target_intergenic_40_13_112955825:112955975.fasta,AAAAGTAATGTACAGCTGAAAGG,1.0
target_intergenic_30_8_125354036:125354186.fasta,CACTGCAATGACACGATGTGTGG,1.0
target_intergenic_30_8_125354036:125354186.fasta,TTTGAGACTGAAGTTCCGGACGG,1.0
target_intergenic_24_12_80436280:80436430.fasta,TAGACCAACAGTTCAATCTCTGG,1.0
target_intergenic_24_12_80436280:80436430.fasta,GCTCATTGGTGGAGGACTCCAGG,1.1839
target_intergenic_24_12_80436280:80436430.fasta,GTCTAAAGGACATGTGAGCCTGG,1.0
target_intergenic_24_12_80436280:80436430.fasta,CTTCATGATTATCAAGCATCAGG,1.0
target_intergenic_24_12_80436280:80436430.fasta,AAATCAGTTTTGCTCATTGGTGG,1.0
target_intergenic_24_12_80436280:80436430.fasta,TTATCAAGCATCAGGTTGCTTGG,1.0
target_intergenic_24_12_80436280:80436430.fasta,TCAGTTTTGCTCATTGGTGGAGG,1.0
target_intergenic_24_12_80436280:80436430.fasta,GTGCCCAGAGATTGAACTGTTGG,1.0
target_intergenic_24_12_80436280:80436430.fasta,AGACCAACAGTTCAATCTCTGGG,1.0
target_intergenic_24_12_80436280:80436430.fasta,GTGAAATCAGTTTTGCTCATTGG,1.0
target_intergenic_24_12_80436280:80436430.fasta,TTGATAATCATGAAGTCTAAAGG,1.3636
target_gene_31_9_75479063:75479213.fasta,CACTGCTCTAAGTCCTATAAAGG,1.0
target_gene_31_9_75479063:75479213.fasta,CTAAGTCCTATAAAGGTGATGGG,1.0
target_gene_31_9_75479063:75479213.fasta,TAGTTTCCCATCACCTTTATAGG,1.0
target_gene_31_9_75479063:75479213.fasta,TCTAAGTCCTATAAAGGTGATGG,1.0
target_intergenic_7_19_47210574:47210724.fasta,TCCTATAATAGGGACAAGACAGG,1.0
target_intergenic_7_19_47210574:47210724.fasta,CCCTGTCTTGTCCCTATTATAGG,1.2857
target_intergenic_7_19_47210574:47210724.fasta,CAAGATGCCTGACCACTGTCAGG,1.1692
target_intergenic_7_19_47210574:47210724.fasta,CTGCATTCCTGACAGTGGTCAGG,1.0
target_intergenic_7_19_47210574:47210724.fasta,CTGACCACTGTCAGGAATGCAGG,1.0764
target_intergenic_7_19_47210574:47210724.fasta,GATCTACCCCACCCAGGGAAAGG,1.0
target_intergenic_7_19_47210574:47210724.fasta,AGGTCACTCCTTTCCCTGGGTGG,1.0
target_intergenic_7_19_47210574:47210724.fasta,CTTAAGGATCTACCCCACCCAGG,1.7656
target_intergenic_7_19_47210574:47210724.fasta,GACCACTGTCAGGAATGCAGGGG,1.0
target_intergenic_7_19_47210574:47210724.fasta,ACCCAGGGAAAGGAGTGACCTGG,1.4588
target_intergenic_7_19_47210574:47210724.fasta,TGACCACTGTCAGGAATGCAGGG,1.0
target_intergenic_7_19_47210574:47210724.fasta,CCCAGGGAAAGGAGTGACCTGGG,1.3429
target_intergenic_7_19_47210574:47210724.fasta,ACCACTGTCAGGAATGCAGGGGG,1.0
target_intergenic_7_19_47210574:47210724.fasta,GGTCACTCCTTTCCCTGGGTGGG,1.0
target_intergenic_7_19_47210574:47210724.fasta,CAAGAGACACAATGTCTGCAAGG,2.3103
target_intergenic_7_19_47210574:47210724.fasta,ATAATAGGGACAAGACAGGGCGG,1.0
target_gene_12_3_75423881:75424031.fasta,GTTATAAGAAAACTATGTATCGG,1.0
target_gene_33_16_19942531:19942681.fasta,AGAAATGACTTTATCCATACTGG,1.0
target_gene_33_16_19942531:19942681.fasta,TTCAATAGAATTAACCAGTATGG,1.2679
target_gene_33_16_19942531:19942681.fasta,ATACTGGTTAATTCTATTGAAGG,1.0
target_gene_37_7_126872264:126872414.fasta,ATGCCTGATAGTGCCGTGGTAGG,1.0
target_gene_37_7_126872264:126872414.fasta,CATAATGCCTGATAGTGCCGTGG,1.2241
target_gene_37_7_126872264:126872414.fasta,TCTCCTACCACGGCACTATCAGG,1.0
target_gene_37_7_126872264:126872414.fasta,ATTTTGCTGACACACCACCGTGG,1.0
target_gene_37_7_126872264:126872414.fasta,GGTGGGCATTGGCAGCAACCTGG,1.0
target_gene_37_7_126872264:126872414.fasta,GCAGCAACCTGGGTTCCTAAAGG,1.5333
target_gene_37_7_126872264:126872414.fasta,CAGGATTATCCAGCCATTGGTGG,1.0
target_gene_37_7_126872264:126872414.fasta,TTGCTGCCAATGCCCACCAATGG,1.0
target_gene_37_7_126872264:126872414.fasta,TGCCAATGCCCACCAATGGCTGG,1.0
target_gene_37_7_126872264:126872414.fasta,GTGGGCATTGGCAGCAACCTGGG,1.0
target_gene_37_7_126872264:126872414.fasta,TGCCGTGGTAGGAGATGTGCTGG,1.0
target_gene_37_7_126872264:126872414.fasta,AACCTGGGTTCCTAAAGGTTTGG,2.0
target_gene_37_7_126872264:126872414.fasta,CTGGTATTAACCAAACCTTTAGG,1.2273
target_gene_37_7_126872264:126872414.fasta,AACCAAACCTTTAGGAACCCAGG,1.6845
target_gene_37_7_126872264:126872414.fasta,AGGATTATCCAGCCATTGGTGGG,1.3125
target_gene_37_7_126872264:126872414.fasta,GGCTGGATAATCCTGAGAAATGG,1.0
target_gene_37_7_126872264:126872414.fasta,TACCAGCACATCTCCTACCACGG,1.0
target_gene_37_7_126872264:126872414.fasta,TCTCAGGATTATCCAGCCATTGG,1.0
target_gene_11_7_27989610:27989760.fasta,GCTCCCGTTCTTTCGCGGGTAGG,1.0
target_gene_11_7_27989610:27989760.fasta,CTCCCGTTCTTTCGCGGGTAGGG,1.0
target_gene_11_7_27989610:27989760.fasta,TCCCGTTCTTTCGCGGGTAGGGG,1.0
target_gene_11_7_27989610:27989760.fasta,GCTCGGCTCCCGTTCTTTCGCGG,1.0
target_gene_11_7_27989610:27989760.fasta,CCCGTTCTTTCGCGGGTAGGGGG,1.0
target_gene_11_7_27989610:27989760.fasta,CCCCCTACCCGCGAAAGAACGGG,1.0
target_gene_11_7_27989610:27989760.fasta,CTCGGCTCCCGTTCTTTCGCGGG,1.0
target_gene_11_7_27989610:27989760.fasta,TCCCCCTACCCGCGAAAGAACGG,1.0
target_gene_11_7_27989610:27989760.fasta,CGAAAGAACGGGAGCCGAGCCGG,1.0
target_gene_11_7_27989610:27989760.fasta,CAGGCCCAGGTGGGCGCGCTAGG,1.0
target_gene_11_7_27989610:27989760.fasta,AGCTCCAGCATCTGCCGGCTCGG,1.0
target_gene_11_7_27989610:27989760.fasta,GGAGCCGAGCCGGCAGATGCTGG,1.2273
target_gene_11_7_27989610:27989760.fasta,GCCGGCAGATGCTGGAGCTCTGG,1.062
target_intergenic_31_11_71547431:71547581.fasta,TTGACTCCACATATGCGGTATGG,1.0
target_intergenic_31_11_71547431:71547581.fasta,CATGTGCCATACCGCATATGTGG,1.4941
target_intergenic_31_11_71547431:71547581.fasta,GTGGTCAAACTCGCATCATCAGG,1.0
target_intergenic_31_11_71547431:71547581.fasta,AAAACCCATCTTTCAGGACTTGG,1.0
target_intergenic_31_11_71547431:71547581.fasta,AGAACCAAGTCCTGAAAGATGGG,2.0
target_intergenic_31_11_71547431:71547581.fasta,TTGACCACCAGAATCCACAATGG,2.9798
target_gene_28_3_57193529:57193679.fasta,GATGGTCCTAGGAGATAGTAGGG,1.0
target_gene_28_3_57193529:57193679.fasta,CTATCTCCTAGGACCATCCAAGG,1.0
target_gene_28_3_57193529:57193679.fasta,GGATGGTCCTAGGAGATAGTAGG,1.0
target_gene_28_3_57193529:57193679.fasta,GTGAATCTGAAGGTTACATCTGG,1.2857
target_gene_28_3_57193529:57193679.fasta,GTTGGAGGACGTGAATCTGAAGG,1.0
target_gene_28_3_57193529:57193679.fasta,GTTGGTCCTTGGATGGTCCTAGG,1.0
target_gene_28_3_57193529:57193679.fasta,CACATTCAGATAATAGCAATTGG,1.0
target_gene_28_3_57193529:57193679.fasta,TAAAGTCCCTACTATCTCCTAGG,1.0
target_gene_28_3_57193529:57193679.fasta,TTTAATAGTTGGTCCTTGGATGG,1.2857
target_gene_28_3_57193529:57193679.fasta,ACATTCAGATAATAGCAATTGGG,1.6294
target_gene_28_3_57193529:57193679.fasta,GAATGTGTTTCTTTAATAGTTGG,1.0
target_duplicated_32_NC_000084.7_79039650:79039800.fasta,TGTTACGTCAGGGAGTAGACTGG,1.155
target_duplicated_32_NC_000084.7_79039650:79039800.fasta,CCACCCCTCTCTACATGCAGAGG,1.0
target_duplicated_32_NC_000084.7_79039650:79039800.fasta,GGCTCCCTCTGCATGTAGAGAGG,1.0
target_duplicated_32_NC_000084.7_79039650:79039800.fasta,CACCCCTCTCTACATGCAGAGGG,1.0
target_duplicated_32_NC_000084.7_79039650:79039800.fasta,CTCCCTCTGCATGTAGAGAGGGG,1.0
target_duplicated_32_NC_000084.7_79039650:79039800.fasta,GCTCCCTCTGCATGTAGAGAGGG,1.0
target_duplicated_32_NC_000084.7_79039650:79039800.fasta,GAAGTGTGTGGTAGTTTCTATGG,1.0
target_duplicated_32_NC_000084.7_79039650:79039800.fasta,AAACTACCACACACTTCCTTTGG,1.0
target_duplicated_32_NC_000084.7_79039650:79039800.fasta,CCTCTGCATGTAGAGAGGGGTGG,1.0
target_gene_47_11_106146392:106146542.fasta,TTTCTTGCCCATGGCGGGATGGG,1.0
target_gene_47_11_106146392:106146542.fasta,AGTGATAGAACTTGTCCCGCCGG,1.0
target_gene_47_11_106146392:106146542.fasta,ATACTCCCCCATCCCGCCATGGG,1.0
target_gene_47_11_106146392:106146542.fasta,TTCTTGCCCATGGCGGGATGGGG,1.0
target_gene_47_11_106146392:106146542.fasta,GATACTCCCCCATCCCGCCATGG,1.0
target_gene_47_11_106146392:106146542.fasta,CTTTCTTGCCCATGGCGGGATGG,1.0
target_gene_47_11_106146392:106146542.fasta,TCTTGCCCATGGCGGGATGGGGG,1.0
target_gene_47_11_106146392:106146542.fasta,GCGGGACAAGTTCTATCACTTGG,1.0
target_gene_47_11_106146392:106146542.fasta,CAAAGTAGGCAAGAGCCGGCGGG,1.0
target_gene_47_11_106146392:106146542.fasta,CATCCCGCCATGGGCAAGAAAGG,1.0
target_gene_47_11_106146392:106146542.fasta,TGGGGGAGTATCACTCACTCTGG,1.0
target_gene_47_11_106146392:106146542.fasta,GCAAAGTAGGCAAGAGCCGGCGG,1.1046
target_gene_47_11_106146392:106146542.fasta,GGGGGAGTATCACTCACTCTGGG,1.0
target_gene_47_11_106146392:106146542.fasta,GGGGAGTATCACTCACTCTGGGG,1.0
target_gene_47_11_106146392:106146542.fasta,TATCACTTGGCCAAGGAGACTGG,1.0413
target_gene_47_11_106146392:106146542.fasta,CAAGTTCTATCACTTGGCCAAGG,1.0
target_gene_47_11_106146392:106146542.fasta,TTGCCTTTCTTGCCCATGGCGGG,1.0
target_gene_47_11_106146392:106146542.fasta,TTTGCCTTTCTTGCCCATGGCGG,1.0
target_gene_47_11_106146392:106146542.fasta,TGGCCAAGGAGACTGGTGAGTGG,1.0
target_duplicated_3_NC_000074.7_124723172:124723322.fasta,GGTGGAAGCAGGTCATCGAGGGG,2.0
target_duplicated_3_NC_000074.7_124723172:124723322.fasta,GTGGAAGCAGGTCATCGAGGGGG,2.6667
target_duplicated_3_NC_000074.7_124723172:124723322.fasta,AGACTGCTTATTCCAAGCTGTGG,1.619
target_intergenic_29_8_129246101:129246251.fasta,ACAAGAATAGCCATCCCTACAGG,1.0
target_intergenic_29_8_129246101:129246251.fasta,CATTTAGGGAGTCCTCTTGAGGG,1.0
target_intergenic_29_8_129246101:129246251.fasta,ACATTTAGGGAGTCCTCTTGAGG,1.0
target_intergenic_29_8_129246101:129246251.fasta,CAAGAATAGCCATCCCTACAGGG,1.0
target_intergenic_29_8_129246101:129246251.fasta,TATTCTTGTCAGAACACTTGAGG,1.0
target_intergenic_29_8_129246101:129246251.fasta,TCACCTGCCATTTCTTTAATTGG,1.0762
target_gene_10_6_41661631:41661781.fasta,AGACTAGGTCATGGTTAATATGG,1.0
target_gene_10_6_41661631:41661781.fasta,GACTAGGTCATGGTTAATATGGG,1.0
target_gene_10_6_41661631:41661781.fasta,ACTAGGTCATGGTTAATATGGGG,1.0
target_gene_10_6_41661631:41661781.fasta,ACCATGACCTAGTCTGCTGCTGG,1.7857
target_gene_10_6_41661631:41661781.fasta,TCCAGCAGCAGACTAGGTCATGG,1.0
target_gene_10_6_41661631:41661781.fasta,ACAGCTATTATTTCATGCTATGG,1.0
target_gene_10_6_41661631:41661781.fasta,GGGAGGGGTGCTGGACATAAGGG,1.8438
target_gene_10_6_41661631:41661781.fasta,GCTGGACATAAGGGTTTTCTTGG,1.0
target_gene_10_6_41661631:41661781.fasta,TAGCATGAAATAATAGCTGTAGG,1.5335
target_gene_10_6_41661631:41661781.fasta,TATTTCATGCTATGGTGATAGGG,1.0
target_gene_10_6_41661631:41661781.fasta,GGTTTTCTTGGATTCACATCAGG,1.0
target_gene_10_6_41661631:41661781.fasta,TTATTTCATGCTATGGTGATAGG,1.0
target_duplicated_28_NC_000069.7_64195773:64195923.fasta,CCTGACAAGGTTGCTCAATTAGG,1.5143
target_duplicated_28_NC_000069.7_64195773:64195923.fasta,ATCCTCAGTGACTTGATATGTGG,1.1765
target_duplicated_28_NC_000069.7_64195773:64195923.fasta,ATATCAAGTCACTGAGGATTAGG,2.1014
target_intergenic_34_14_121501532:121501682.fasta,CACTTGGCAGCAGACTGACCAGG,1.0
target_intergenic_34_14_121501532:121501682.fasta,GACAGATACCATGCATTTTTTGG,1.0
target_intergenic_34_14_121501532:121501682.fasta,ACTGGTCCAAGTGTTCCTTCAGG,1.0875
target_intergenic_34_14_121501532:121501682.fasta,GTGTGAGCTGGTCAGTCACTTGG,1.0
target_intergenic_34_14_121501532:121501682.fasta,TTTGGTCCTGAAGGAACACTTGG,1.375
target_intergenic_34_14_121501532:121501682.fasta,TTTGGGCTTTTTGGTCCTGAAGG,1.4297
target_intergenic_34_14_121501532:121501682.fasta,AGTGACTGACCAGCTCACACTGG,1.0
target_intergenic_34_14_121501532:121501682.fasta,ACACTTGGACCAGTGTGAGCTGG,1.0
target_intergenic_34_14_121501532:121501682.fasta,TGGCAGCAGACTGACCAGGAAGG,1.3095
target_intergenic_0_13_11055816:11055966.fasta,ATCAGAAATGGAAAGGTGTTGGG,1.0
target_intergenic_43_8_13540217:13540367.fasta,AGCTACCAGTATCCGCCCACTGG,1.0
target_intergenic_43_8_13540217:13540367.fasta,CCCGCATTCCTCAGTGGCGGTGG,1.0
target_intergenic_43_8_13540217:13540367.fasta,GCCCTCCAGTGGGCGGATACTGG,1.0
target_intergenic_43_8_13540217:13540367.fasta,TACCAGTATCCGCCCACTGGAGG,1.0
target_intergenic_43_8_13540217:13540367.fasta,CCGCCACTGAGGAATGCGGGTGG,1.0
target_intergenic_43_8_13540217:13540367.fasta,ACCAGTATCCGCCCACTGGAGGG,1.0
target_intergenic_43_8_13540217:13540367.fasta,CCACCCGCATTCCTCAGTGGCGG,1.0
target_intergenic_43_8_13540217:13540367.fasta,CCACTGAGGAATGCGGGTGGAGG,1.0
target_intergenic_43_8_13540217:13540367.fasta,CCCACTGGAGGGCTCAGATCTGG,1.279
target_intergenic_43_8_13540217:13540367.fasta,CCTCCACCCGCATTCCTCAGTGG,1.0
target_intergenic_43_8_13540217:13540367.fasta,GCCAGATCTGAGCCCTCCAGTGG,1.0
target_intergenic_43_8_13540217:13540367.fasta,GATCTGAGCCCTCCAGTGGGCGG,1.0
target_intergenic_43_8_13540217:13540367.fasta,GGAGGCACACAGTAGCTGTCTGG,1.0
target_intergenic_43_8_13540217:13540367.fasta,TCTTCTGACATTAGGAAAAAAGG,1.6923
target_duplicated_10_NC_000068.8_81782486:81782636.fasta,CTAGCCCAAGGTAACCCGGGAGG,1.0
target_duplicated_10_NC_000068.8_81782486:81782636.fasta,AGTATCCTCCCGGGTTACCTTGG,1.0
target_duplicated_10_NC_000068.8_81782486:81782636.fasta,GTATCCTCCCGGGTTACCTTGGG,1.0
target_duplicated_10_NC_000068.8_81782486:81782636.fasta,CTCCTAGCCCAAGGTAACCCGGG,2.8182
target_duplicated_10_NC_000068.8_81782486:81782636.fasta,AATAAAGAAAGTATCCTCCCGGG,1.0
target_duplicated_10_NC_000068.8_81782486:81782636.fasta,TCCCAGTTTCCTCCCACTGTTGG,1.5
target_gene_16_3_103657697:103657847.fasta,ACTTTTTACAGTCAGGCGCTGGG,1.0
target_gene_16_3_103657697:103657847.fasta,TACTTTTTACAGTCAGGCGCTGG,1.0
target_gene_16_3_103657697:103657847.fasta,GTCCAGCATGTTAGTGGTTCAGG,1.0
target_gene_16_3_103657697:103657847.fasta,ACTAACATGCTGGACCAAATGGG,1.0
target_gene_16_3_103657697:103657847.fasta,AAATGGCTTTAATACCCATTTGG,1.0
target_gene_16_3_103657697:103657847.fasta,TCCAGCATGTTAGTGGTTCAGGG,1.3768
target_gene_16_3_103657697:103657847.fasta,AAAACATAGCGGTGGTTAAATGG,1.0
target_gene_16_3_103657697:103657847.fasta,AGTCAGGCGCTGGGATTGTAAGG,1.0
target_gene_16_3_103657697:103657847.fasta,CACTAACATGCTGGACCAAATGG,1.0
target_duplicated_22_NC_000086.8_39120914:39121064.fasta,CTAAGAGTGGCCCCCTTCTCCGG,1.0
target_duplicated_22_NC_000086.8_39120914:39121064.fasta,GGGATGAGTGAGGTACAGGTGGG,1.412
target_duplicated_22_NC_000086.8_39120914:39121064.fasta,AAGAGGGATGAGTGAGGTACAGG,1.0424
target_duplicated_22_NC_000086.8_39120914:39121064.fasta,CGGGGGGGGGGTACCGGAGAAGG,1.5639
target_intergenic_45_1_189577673:189577823.fasta,CTCTGTTAGCCTTATAGCTCTGG,1.0
target_intergenic_45_1_189577673:189577823.fasta,ATCTTGAGACCAGAGCTATAAGG,1.0333
target_intergenic_45_1_189577673:189577823.fasta,TAGAATCACACTGTCCTCTCTGG,1.0
target_intergenic_45_1_189577673:189577823.fasta,AAGATAACTGATTCAGAAGCTGG,1.0
target_intergenic_45_1_189577673:189577823.fasta,AGATAACTGATTCAGAAGCTGGG,1.0
target_duplicated_50_NC_000077.7_55242400:55242550.fasta,GCCAGTTAGCCCAATCAGTGAGG,1.0
target_duplicated_50_NC_000077.7_55242400:55242550.fasta,GCCTCACTGATTGGGCTAACTGG,1.0
target_duplicated_50_NC_000077.7_55242400:55242550.fasta,TGAGACAGTGCCTCACTGATTGG,1.3524
target_duplicated_50_NC_000077.7_55242400:55242550.fasta,GAGACAGTGCCTCACTGATTGGG,1.0
target_gene_43_X_5379581:5379731.fasta,GAATAGGGGCAAGTCATTGATGG,2.0
target_gene_43_X_5379581:5379731.fasta,AGAATGGTTTACCTTCATATTGG,1.2824
target_gene_43_X_5379581:5379731.fasta,AGTGATACCTTGAAAAGCCCAGG,1.0
target_gene_43_X_5379581:5379731.fasta,ACCTAACAGCATCCTATTCCTGG,1.8
target_gene_43_X_5379581:5379731.fasta,CCTAACAGCATCCTATTCCTGGG,1.8571
target_gene_43_X_5379581:5379731.fasta,CCCAGGAATAGGATGCTGTTAGG,1.4571
target_gene_43_X_5379581:5379731.fasta,ACCTTGAAAAGCCCAGGAATAGG,1.5385
target_gene_43_X_5379581:5379731.fasta,TTAACAAGGGACCAATATGAAGG,1.5789
target_gene_43_X_5379581:5379731.fasta,TATTGTGTTGACATAAAGAATGG,1.5789
target_intergenic_39_7_107310551:107310701.fasta,TCATCCTAATAAACAACAGTAGG,1.0
target_intergenic_39_7_107310551:107310701.fasta,TATTAGGATGAGCCACCTTGAGG,1.0
target_intergenic_39_7_107310551:107310701.fasta,AAACCCTACTGTTGTTTATTAGG,1.0
target_intergenic_39_7_107310551:107310701.fasta,GTTTGGGAAGCTGCCACTTCAGG,1.0
target_intergenic_39_7_107310551:107310701.fasta,CTGCCACTTCAGGAAAAAACAGG,1.0
target_intergenic_39_7_107310551:107310701.fasta,GCCACCTTGAGGGACTGAGGAGG,1.0
target_intergenic_39_7_107310551:107310701.fasta,ATACAGAGAGGATTTCAGTTTGG,1.6356
target_intergenic_39_7_107310551:107310701.fasta,GCCTCCTCAGTCCCTCAAGGTGG,1.0
target_gene_5_17_35825531:35825681.fasta,CTCACCTTCTCCCGTGGTGGTGG,1.0
target_gene_5_17_35825531:35825681.fasta,GAGTTTGCTGAGGCTGCCGATGG,1.0742
target_gene_5_17_35825531:35825681.fasta,CCTCTCACCTTCTCCCGTGGTGG,1.0
target_gene_5_17_35825531:35825681.fasta,CCTGCCACCACCACGGGAGAAGG,1.2449
target_gene_5_17_35825531:35825681.fasta,CATGCTGAGAGGGAATAGCCAGG,1.6044
target_gene_5_17_35825531:35825681.fasta,ACACTGATTCTCAATTCCATCGG,1.0
target_gene_5_17_35825531:35825681.fasta,TGGCTATTCCCTCTCAGCATGGG,1.0
target_gene_5_17_35825531:35825681.fasta,CGGCAGCCTCAGCAAACTCCAGG,1.0
target_gene_5_17_35825531:35825681.fasta,CCTTCTCCCGTGGTGGTGGCAGG,1.2963
target_gene_5_17_35825531:35825681.fasta,CAGCCTCTCACCTTCTCCCGTGG,1.0
target_gene_5_17_35825531:35825681.fasta,CCGTGGTGGTGGCAGGCCACAGG,1.0615
target_gene_5_17_35825531:35825681.fasta,CGTGGTGGTGGCAGGCCACAGGG,1.0
target_gene_5_17_35825531:35825681.fasta,CCACCACGGGAGAAGGTGAGAGG,1.0
target_gene_5_17_35825531:35825681.fasta,ATTGAGAATCAGTGTGGCCTTGG,1.6494
target_gene_5_17_35825531:35825681.fasta,GAGGGAATAGCCAGGCCCTGTGG,1.0
target_duplicated_40_NC_000084.7_25361562:25361712.fasta,CTGTGTAGATGTACTGTAGATGG,1.0
target_duplicated_40_NC_000084.7_25361562:25361712.fasta,TGTACTGTAGATGGGTGTCAGGG,1.0
target_duplicated_40_NC_000084.7_25361562:25361712.fasta,GTACTGTAGATGGGTGTCAGGGG,1.0
target_duplicated_40_NC_000084.7_25361562:25361712.fasta,TGTGTAGATGTACTGTAGATGGG,1.0
target_duplicated_40_NC_000084.7_25361562:25361712.fasta,GATGGGTGTCAGGGGATAAAGGG,1.0
target_duplicated_40_NC_000084.7_25361562:25361712.fasta,AGATGGGTGTCAGGGGATAAAGG,1.4464
target_gene_19_13_69769414:69769564.fasta,GCAGCAAAGCACTGTGGATCTGG,1.7941
target_gene_19_13_69769414:69769564.fasta,CTTTGCTGCAGACAAGTGCTAGG,1.0
target_gene_19_13_69769414:69769564.fasta,GGAGAAGTGTTGGCTACATGTGG,1.5398
target_gene_19_13_69769414:69769564.fasta,ATGTAGCCAACACTTCTCCATGG,1.0
target_gene_19_13_69769414:69769564.fasta,TTGTCTGCAGCAAAGCACTGTGG,1.0
target_gene_19_13_69769414:69769564.fasta,CTGCTTCCATGGAGAAGTGTTGG,1.0
target_intergenic_44_3_117148409:117148559.fasta,GTGCATAAAGGGGATCCACCCGG,1.0
target_intergenic_44_3_117148409:117148559.fasta,CCTGAAGCTGGCAGTCCGGGTGG,1.0
target_intergenic_44_3_117148409:117148559.fasta,TGTTATAGGGCTGTGCATAAAGG,1.0
target_intergenic_44_3_117148409:117148559.fasta,TTATAGGGCTGTGCATAAAGGGG,1.0
target_intergenic_44_3_117148409:117148559.fasta,ATTATGTGCCTGAGCATAGGGGG,1.0
target_intergenic_44_3_117148409:117148559.fasta,TGAGCATAGGGGGTTGTTATAGG,1.0
target_intergenic_44_3_117148409:117148559.fasta,GAGCATAGGGGGTTGTTATAGGG,1.0265
target_intergenic_44_3_117148409:117148559.fasta,GTTATAGGGCTGTGCATAAAGGG,1.0
target_intergenic_44_3_117148409:117148559.fasta,GATTATGTGCCTGAGCATAGGGG,1.5143
target_intergenic_44_3_117148409:117148559.fasta,TCATTAGTCACAGTACTTCAAGG,1.2857
target_intergenic_44_3_117148409:117148559.fasta,AAGATTATGTGCCTGAGCATAGG,1.2786
target_intergenic_44_3_117148409:117148559.fasta,CCACCCGGACTGCCAGCTTCAGG,1.0
target_intergenic_44_3_117148409:117148559.fasta,ATCCCCTGAAGCTGGCAGTCCGG,1.0
target_duplicated_13_NC_000070.7_90809642:90809792.fasta,AAATGATGTACTTTCACTCCTGG,1.0
target_duplicated_13_NC_000070.7_90809642:90809792.fasta,TACTTTCACTCCTGGTGTGTTGG,1.0
target_intergenic_35_10_22507812:22507962.fasta,TTAAAACCTTTCACCGTGGCAGG,1.0
target_intergenic_35_10_22507812:22507962.fasta,ATCTCTCCTGCCACGGTGAAAGG,1.0
target_intergenic_35_10_22507812:22507962.fasta,GGCAGAAGCCGAAATAGGTGAGG,1.0
target_intergenic_35_10_22507812:22507962.fasta,AATTTTAAAACCTTTCACCGTGG,1.1182
target_intergenic_35_10_22507812:22507962.fasta,CAGGAGGCAGAAGCCGAAATAGG,1.2308
target_intergenic_35_10_22507812:22507962.fasta,TTTAGTGGCCTCACCTATTTCGG,1.0
target_intergenic_35_10_22507812:22507962.fasta,TGATTTTAAGCCCTCCATGATGG,1.0
target_intergenic_35_10_22507812:22507962.fasta,GCTCATAGGTAGACCTGGCTGGG,1.0
target_intergenic_35_10_22507812:22507962.fasta,TAGACCTGGCTGGGGTTTAGTGG,1.05
target_intergenic_35_10_22507812:22507962.fasta,CTAGACATGAACCATCATGGAGG,1.0
target_intergenic_19_2_180682789:180682939.fasta,GTATTCCTAAGCACACTTGTAGG,1.0
target_intergenic_19_2_180682789:180682939.fasta,ACTAACACATACATGAAGCGTGG,1.0
target_intergenic_19_2_180682789:180682939.fasta,ATACATGAAGCGTGGAGCCATGG,1.0
target_intergenic_19_2_180682789:180682939.fasta,AGTCCATTCCTGCACTAGCCAGG,1.0
target_intergenic_19_2_180682789:180682939.fasta,CCTAAGCACACTTGTAGGCTTGG,1.0
target_intergenic_19_2_180682789:180682939.fasta,CCAAGCCTACAAGTGTGCTTAGG,1.0
target_intergenic_19_2_180682789:180682939.fasta,TGGATGAACAAATCAGCCTGTGG,1.3193
target_intergenic_19_2_180682789:180682939.fasta,TAGGAATACCTGGCTAGTGCAGG,1.5714
target_intergenic_19_2_180682789:180682939.fasta,ATACCTGGCTAGTGCAGGAATGG,1.0
target_intergenic_19_2_180682789:180682939.fasta,CAAGTGTGCTTAGGAATACCTGG,1.0
target_intergenic_19_2_180682789:180682939.fasta,AGGCTTGCTTTCTGCCCCACAGG,1.56
target_gene_39_17_48656922:48657072.fasta,AGATAGACAGCACATTGCCCAGG,1.1531
target_gene_39_17_48656922:48657072.fasta,GGATGGAGTCTGTATATGTTAGG,1.6667
target_gene_39_17_48656922:48657072.fasta,TCAAAGGAGATCATGGGGTATGG,1.0
target_gene_39_17_48656922:48657072.fasta,ATGATCTCCTTTGAGAGATGAGG,1.0
target_gene_39_17_48656922:48657072.fasta,CATCTCTCAAAGGAGATCATGGG,1.3025
target_gene_39_17_48656922:48657072.fasta,ATCTCTCAAAGGAGATCATGGGG,1.0
target_gene_39_17_48656922:48657072.fasta,GAGACAGACAGCACATTGCCCGG,2.0
target_intergenic_36_13_47585416:47585566.fasta,CGAGTTCATACAGTGGTCTTAGG,1.0
target_intergenic_36_13_47585416:47585566.fasta,AACAAGGTGCCCACCAGTAGAGG,1.0
target_intergenic_36_13_47585416:47585566.fasta,GAGTTCATACAGTGGTCTTAGGG,1.0
target_intergenic_36_13_47585416:47585566.fasta,AGTTCATACAGTGGTCTTAGGGG,1.0
target_intergenic_36_13_47585416:47585566.fasta,AGTAGATGAAACTTCTGCTCTGG,1.1026
target_intergenic_36_13_47585416:47585566.fasta,ACAAGGTGCCCACCAGTAGAGGG,1.0
target_intergenic_36_13_47585416:47585566.fasta,CTGGTGTCTATTGTGTAACAAGG,1.0
target_intergenic_36_13_47585416:47585566.fasta,CTCTAGAGTTCTCCCTCTACTGG,1.0
target_intergenic_36_13_47585416:47585566.fasta,AGAGTTCTCCCTCTACTGGTGGG,1.0
target_gene_41_7_27543161:27543311.fasta,GGTAAAAGTCCTACCTTGGGAGG,1.0
target_gene_41_7_27543161:27543311.fasta,TCCCAAAGGCAACTATACCCTGG,1.0
target_gene_41_7_27543161:27543311.fasta,GGCAACTATACCCTGGAGATAGG,1.0
target_gene_41_7_27543161:27543311.fasta,CTCCAGGGTATAGTTGCCTTTGG,1.551
target_gene_41_7_27543161:27543311.fasta,CAAAGGTAAAAGTCCTACCTTGG,1.0
target_gene_41_7_27543161:27543311.fasta,TCCAGGGTATAGTTGCCTTTGGG,1.0
target_gene_41_7_27543161:27543311.fasta,GCAACTATACCCTGGAGATAGGG,1.0
target_gene_41_7_27543161:27543311.fasta,AATTTAAAGCCTCCCAAGGTAGG,1.0
target_gene_41_7_27543161:27543311.fasta,AAAGGTAAAAGTCCTACCTTGGG,1.0
target_gene_41_7_27543161:27543311.fasta,CCAAAACACACCAATCCCAAAGG,1.0
target_gene_41_7_27543161:27543311.fasta,GGTCAATTTAAAGCCTCCCAAGG,1.0
target_gene_41_7_27543161:27543311.fasta,CCTTTGGGATTGGTGTGTTTTGG,1.0
target_gene_2_7_15677097:15677247.fasta,AGGCTGTGGTGGATCGGATCTGG,1.0
target_gene_2_7_15677097:15677247.fasta,GGCTGTGGTGGATCGGATCTGGG,1.4267
target_gene_2_7_15677097:15677247.fasta,GGCCTATCTCCTGCTTGCCGAGG,1.0
target_gene_2_7_15677097:15677247.fasta,CCACCACAGCCTCGGCAAGCAGG,1.6252
target_gene_2_7_15677097:15677247.fasta,GATCCGATCCACCACAGCCTCGG,1.0
target_gene_2_7_15677097:15677247.fasta,GGGACTTAGTCCCCATCACAAGG,1.0
target_gene_2_7_15677097:15677247.fasta,TGGATCGGATCTGGGAGTCTGGG,1.0
target_gene_2_7_15677097:15677247.fasta,TTGCCGAGGCTGTGGTGGATCGG,1.0
target_gene_2_7_15677097:15677247.fasta,GCAGGAGATAGGCCTTGTGATGG,1.0
target_gene_2_7_15677097:15677247.fasta,AGGAGATAGGCCTTGTGATGGGG,1.0
target_gene_2_7_15677097:15677247.fasta,GTGGATCGGATCTGGGAGTCTGG,1.0
target_gene_2_7_15677097:15677247.fasta,CAGGAGATAGGCCTTGTGATGGG,1.2143
target_gene_2_7_15677097:15677247.fasta,AGCCTCGGCAAGCAGGAGATAGG,1.0
target_gene_34_2_132713511:132713661.fasta,ATGTAGCTGTTAGATGTTGCAGG,1.0
target_gene_34_2_132713511:132713661.fasta,ATGGCACAATTGTTCTTGCTTGG,1.0
target_intergenic_33_11_83483023:83483173.fasta,AGATTAAGGCTAGTGAGTGGTGG,1.0
target_intergenic_33_11_83483023:83483173.fasta,GATTAAGGCTAGTGAGTGGTGGG,1.6471
target_intergenic_33_11_83483023:83483173.fasta,TTAAGATTAAGGCTAGTGAGTGG,1.0
target_intergenic_33_11_83483023:83483173.fasta,TGACAGCAACCATGATAGTGAGG,1.0
target_intergenic_33_11_83483023:83483173.fasta,GACAGCAACCATGATAGTGAGGG,1.0
target_gene_50_1_131856590:131856740.fasta,GTGGTCTGTAATCCTATGACAGG,1.0
target_gene_50_1_131856590:131856740.fasta,AACATTTTGGCAATTTGAAGTGG,1.0
target_intergenic_32_11_47642515:47642665.fasta,TCTGCCCCTATAGATAGCTCTGG,1.0
target_intergenic_32_11_47642515:47642665.fasta,ATAAAGCTCTGTGTAATGACTGG,1.0
target_intergenic_32_11_47642515:47642665.fasta,CTATCTATAGGGGCAGAAGGGGG,1.0
target_intergenic_32_11_47642515:47642665.fasta,GCTATCTATAGGGGCAGAAGGGG,1.0
target_intergenic_32_11_47642515:47642665.fasta,AGCTATCTATAGGGGCAGAAGGG,1.6875
target_intergenic_32_11_47642515:47642665.fasta,TAAAGCTCTGTGTAATGACTGGG,1.0
target_intergenic_32_11_47642515:47642665.fasta,ACACAGCCAGAGCTATCTATAGG,1.2188
target_intergenic_32_11_47642515:47642665.fasta,TGCAAATGACCAGCTTTGAAAGG,1.0
target_intergenic_32_11_47642515:47642665.fasta,GAGCTATCTATAGGGGCAGAAGG,2.0
target_duplicated_23_NC_000083.7_7311404:7311554.fasta,AGCAGATGCTGGGCTCCCCATGG,1.4286
target_gene_9_9_56616240:56616390.fasta,GTCATTCTGACACTCATAACAGG,1.0
target_gene_9_9_56616240:56616390.fasta,TTCTAACACACTAATAACATGGG,1.0
target_gene_9_9_56616240:56616390.fasta,ATTCTAACACACTAATAACATGG,1.0
target_gene_9_9_56616240:56616390.fasta,CACACATGAACATTTAGGCATGG,1.0
target_intergenic_5_7_35298899:35299049.fasta,TTATGCATAATAATGCACTATGG,1.0
target_intergenic_37_17_45874961:45875111.fasta,CGTCCATGGCCCAGCCGCGTGGG,1.0
target_intergenic_37_17_45874961:45875111.fasta,CCCCGGGGTCTCGGTCACGTGGG,1.6471
target_intergenic_37_17_45874961:45875111.fasta,GTCCATGGCCCAGCCGCGTGGGG,1.0
target_intergenic_37_17_45874961:45875111.fasta,GGTCTCGGTCACGTGGGCCATGG,1.0
target_intergenic_37_17_45874961:45875111.fasta,GTGCCACGCGGATCTGCGGCTGG,1.0
target_intergenic_37_17_45874961:45875111.fasta,CATGGCCCAGCCGCGTGGGGCGG,1.0
target_intergenic_37_17_45874961:45875111.fasta,GTCACGTGGCCCCGGGGTCTCGG,1.0
target_intergenic_37_17_45874961:45875111.fasta,GCGTCCATGGCCCAGCCGCGTGG,1.2781
target_intergenic_37_17_45874961:45875111.fasta,GGTCTCGGTCACGTGGCCCCGGG,1.0
target_intergenic_37_17_45874961:45875111.fasta,GTCTCGGTCACGTGGCCCCGGGG,1.0
target_intergenic_37_17_45874961:45875111.fasta,CCTCCAGCCGCAGATCCGCGTGG,1.0
target_intergenic_37_17_45874961:45875111.fasta,GGGTCTCGGTCACGTGGCCCCGG,1.0
target_intergenic_37_17_45874961:45875111.fasta,CCCACGTGACCGAGACCCCGGGG,1.5462
target_intergenic_37_17_45874961:45875111.fasta,CCACGCGGATCTGCGGCTGGAGG,1.0
target_intergenic_37_17_45874961:45875111.fasta,CGCCCCACGCGGCTGGGCCATGG,1.0
target_intergenic_37_17_45874961:45875111.fasta,GCGGCTGGGCCATGGACGCCAGG,1.0
target_intergenic_37_17_45874961:45875111.fasta,CTGGGCCATGGACGCCAGGTGGG,1.1974
target_intergenic_37_17_45874961:45875111.fasta,GCCACGTGACCGAGACCCCAGGG,1.856
target_intergenic_37_17_45874961:45875111.fasta,GCTGGGCCATGGACGCCAGGTGG,1.0
target_intergenic_37_17_45874961:45875111.fasta,AGCCCCCCACCTGGCGTCCATGG,1.0
target_intergenic_37_17_45874961:45875111.fasta,GGCTGCCCGAGCCCCCCACCTGG,1.6118
target_intergenic_37_17_45874961:45875111.fasta,CACCCCGCCTCCGGAGCCCTGGG,1.0262
target_intergenic_37_17_45874961:45875111.fasta,GGACGCCAGGTGGGGGGCTCGGG,1.0
target_intergenic_37_17_45874961:45875111.fasta,CCGAGACCCCAGGGCTCCGGAGG,1.0
target_intergenic_37_17_45874961:45875111.fasta,TGGGCCATGGACGCCAGGTGGGG,1.0
target_intergenic_37_17_45874961:45875111.fasta,GGGCCATGGACGCCAGGTGGGGG,1.0
target_intergenic_37_17_45874961:45875111.fasta,GGCCCACGTGACCGAGACCCCGG,1.3846
target_intergenic_37_17_45874961:45875111.fasta,TGGACGCCAGGTGGGGGGCTCGG,1.0
target_intergenic_37_17_45874961:45875111.fasta,GGCCATGGACGCCAGGTGGGGGG,1.0
target_intergenic_37_17_45874961:45875111.fasta,CCACCCCGCCTCCGGAGCCCTGG,1.0
target_intergenic_37_17_45874961:45875111.fasta,AGGACCCCCCACCCCGCCTCCGG,1.0
target_intergenic_37_17_45874961:45875111.fasta,GTGGGGGGCTCGGGCAGCCATGG,1.0
target_intergenic_37_17_45874961:45875111.fasta,CAGGGCTCCGGAGGCGGGGTGGG,1.4895
target_intergenic_37_17_45874961:45875111.fasta,ACCCCGCCTCCGGAGCCCTGGGG,1.0
target_intergenic_25_5_9158070:9158220.fasta,GTTCACTGAAGCACCATTTATGG,1.0
target_intergenic_25_5_9158070:9158220.fasta,AGCAGACTGGACAAATGCTGAGG,1.0
target_intergenic_25_5_9158070:9158220.fasta,GAAGCTTCACAACAGCAGACTGG,1.3383
target_intergenic_18_7_57036394:57036544.fasta,GCGTTTCCAAGAGGCCGGCGGGG,1.0
target_intergenic_18_7_57036394:57036544.fasta,GGGCTTGCATGCTCGGTAAGTGG,1.0
target_intergenic_18_7_57036394:57036544.fasta,GCCGGCCTCTTGGAAACGCCTGG,1.0
target_intergenic_18_7_57036394:57036544.fasta,CCGGCCTCTTGGAAACGCCTGGG,1.0
target_intergenic_18_7_57036394:57036544.fasta,GGCGTTTCCAAGAGGCCGGCGGG,1.0
target_intergenic_18_7_57036394:57036544.fasta,CGTTTCCAAGAGGCCGGCGGGGG,1.0
target_intergenic_18_7_57036394:57036544.fasta,AGGCGTTTCCAAGAGGCCGGCGG,1.0
target_intergenic_18_7_57036394:57036544.fasta,GAGCATGCAAGCCCGAGAACAGG,1.0
target_intergenic_18_7_57036394:57036544.fasta,CGGCGGGGGGCGCCGTCTGCCGG,1.0991
target_intergenic_18_7_57036394:57036544.fasta,GGCTCCCAGGCGTTTCCAAGAGG,1.0
target_intergenic_18_7_57036394:57036544.fasta,CAGCCATGGCTCTCCGGGAGCGG,1.0
target_intergenic_18_7_57036394:57036544.fasta,TTCCGCCCCCGCCGGCCTCTTGG,1.0
target_intergenic_18_7_57036394:57036544.fasta,ATGCTCGGTAAGTGGCTCCCAGG,1.0
target_intergenic_18_7_57036394:57036544.fasta,GACCCGCTCCCGGAGAGCCATGG,1.0
target_intergenic_18_7_57036394:57036544.fasta,CCCAGGCGTTTCCAAGAGGCCGG,1.0
target_intergenic_18_7_57036394:57036544.fasta,CGCCGCCCTTCCGCCCCCGCCGG,1.0
target_intergenic_18_7_57036394:57036544.fasta,TGTTCTCGGGCTTGCATGCTCGG,1.0
target_intergenic_18_7_57036394:57036544.fasta,TTCCAAGAGGCCGGCGGGGGCGG,1.0
target_intergenic_18_7_57036394:57036544.fasta,AGAGGCCGGCGGGGGCGGAAGGG,1.1111
target_intergenic_18_7_57036394:57036544.fasta,AAGAGGCCGGCGGGGGCGGAAGG,1.0
target_duplicated_30_NC_000067.7_94211085:94211235.fasta,ATCCCTAGACCCTACAAGCAAGG,1.0
target_duplicated_30_NC_000067.7_94211085:94211235.fasta,TTCCTTGCTTGTAGGGTCTAGGG,1.0
target_duplicated_30_NC_000067.7_94211085:94211235.fasta,TTTCCTTGCTTGTAGGGTCTAGG,1.0
target_duplicated_30_NC_000067.7_94211085:94211235.fasta,CTGTGGAACAAATCTGGGAATGG,1.875
target_duplicated_30_NC_000067.7_94211085:94211235.fasta,GGGTTCTTTCCTTGCTTGTAGGG,1.35
target_duplicated_30_NC_000067.7_94211085:94211235.fasta,TGTGGAACAAATCTGGGAATGGG,1.8667
target_duplicated_30_NC_000067.7_94211085:94211235.fasta,TGTATGCTGTGGAACAAATCTGG,1.3846
target_gene_23_11_94901119:94901269.fasta,GGTGTTGTGGGGGATCGGCGGGG,1.0413
target_gene_23_11_94901119:94901269.fasta,GGACGGGGAAACCTGACGGGAGG,1.0
target_gene_23_11_94901119:94901269.fasta,CGCTCCATTCCAGGGTGTTGTGG,1.0
target_gene_23_11_94901119:94901269.fasta,GGGATCGGCGGGGAGAGTCCCGG,1.0
target_gene_23_11_94901119:94901269.fasta,GGGTGTTGTGGGGGATCGGCGGG,1.0
target_gene_23_11_94901119:94901269.fasta,GCTCCATTCCAGGGTGTTGTGGG,1.0
target_gene_23_11_94901119:94901269.fasta,GCTGGACGGGGAAACCTGACGGG,1.0
target_gene_23_11_94901119:94901269.fasta,GGCTGGACGGGGAAACCTGACGG,1.0
target_gene_23_11_94901119:94901269.fasta,TCCATTCCAGGGTGTTGTGGGGG,1.0
target_gene_23_11_94901119:94901269.fasta,GGGGAGAGTCCCGGAAAGAATGG,1.0
target_gene_23_11_94901119:94901269.fasta,GCCGATCCCCCACAACACCCTGG,1.0
target_gene_23_11_94901119:94901269.fasta,GAGTCCCGGAAAGAATGGAGAGG,1.0
target_gene_23_11_94901119:94901269.fasta,GGAGAAGGTCTGCGGGAAGCAGG,1.0
target_gene_23_11_94901119:94901269.fasta,AGGGTGTTGTGGGGGATCGGCGG,1.0
target_gene_23_11_94901119:94901269.fasta,TCCCCCACAACACCCTGGAATGG,1.0
target_gene_23_11_94901119:94901269.fasta,CCGGAAAGAATGGAGAGGCGAGG,1.0
target_gene_23_11_94901119:94901269.fasta,CTGCGGGAAGCAGGAGGCGCGGG,1.0
target_gene_23_11_94901119:94901269.fasta,GATGCAGGGAGAAGGTCTGCGGG,1.0
target_gene_23_11_94901119:94901269.fasta,AATGGAGAGGCGAGGTGTGTAGG,1.5641
target_gene_23_11_94901119:94901269.fasta,GGCGAGGTGTGTAGGGATGCAGG,1.0
target_gene_23_11_94901119:94901269.fasta,CCTCGCCTCTCCATTCTTTCCGG,1.0
target_gene_23_11_94901119:94901269.fasta,TCTGCGGGAAGCAGGAGGCGCGG,1.0
target_gene_23_11_94901119:94901269.fasta,GCGAGGTGTGTAGGGATGCAGGG,1.0
target_gene_23_11_94901119:94901269.fasta,AGGCGCGGGCGGGGCTGGACGGG,1.0
target_gene_23_11_94901119:94901269.fasta,CTCGCCTCTCCATTCTTTCCGGG,1.0
target_gene_23_11_94901119:94901269.fasta,CTCCATTCCAGGGTGTTGTGGGG,1.1538
target_gene_23_11_94901119:94901269.fasta,ATGGAGAGGCGAGGTGTGTAGGG,1.225
target_intergenic_23_3_35003816:35003966.fasta,AAGCTTGACCCTCTGTAGCCTGG,1.0
target_intergenic_23_3_35003816:35003966.fasta,AAGAAGTTGAATGCTGATAAAGG,1.0
target_intergenic_23_3_35003816:35003966.fasta,ATCAGCATTCAACTTCTTTCAGG,1.0
target_intergenic_23_3_35003816:35003966.fasta,AGAGTCACCCAGGCTACAGAGGG,1.0
target_intergenic_23_3_35003816:35003966.fasta,CAGAGTCACCCAGGCTACAGAGG,1.0
target_intergenic_23_3_35003816:35003966.fasta,AGCTTGACCCTCTGTAGCCTGGG,1.0
target_intergenic_23_3_35003816:35003966.fasta,TTCACTGAGAGCAAAGGCTCTGG,1.7444
target_intergenic_48_6_37208126:37208276.fasta,CATCACGGCACCATTGCTACTGG,1.0
target_intergenic_48_6_37208126:37208276.fasta,AATACAGCCGCCAGTAGCAATGG,1.0
target_intergenic_48_6_37208126:37208276.fasta,CACGGCACCATTGCTACTGGCGG,1.0
target_intergenic_48_6_37208126:37208276.fasta,CGCTTGCTCCACTTCCCATTTGG,1.0
target_intergenic_48_6_37208126:37208276.fasta,TGGGGGTGTTAGAACCAAATGGG,1.0
target_intergenic_48_6_37208126:37208276.fasta,GACAGTCCTGTATAAGATGAAGG,1.0
target_intergenic_48_6_37208126:37208276.fasta,ATCTTATACAGGACTGTCACAGG,1.0
target_intergenic_48_6_37208126:37208276.fasta,GTGGGGGTGTTAGAACCAAATGG,1.0
target_intergenic_48_6_37208126:37208276.fasta,GTCCTGTATAAGATGAAGGTGGG,1.0
target_intergenic_48_6_37208126:37208276.fasta,AGTGGAGCAAGCGAGAGTCATGG,1.0
target_intergenic_48_6_37208126:37208276.fasta,CCCCCACCTTCATCTTATACAGG,1.0
target_intergenic_48_6_37208126:37208276.fasta,TCCTGTATAAGATGAAGGTGGGG,1.0
target_intergenic_48_6_37208126:37208276.fasta,AGTCCTGTATAAGATGAAGGTGG,1.0
target_intergenic_48_6_37208126:37208276.fasta,CCTGTATAAGATGAAGGTGGGGG,1.0
target_gene_20_15_98850390:98850540.fasta,TTTGAAGGTTTTCCACTGTATGG,1.3365
target_gene_20_15_98850390:98850540.fasta,AGGTTTTCCACTGTATGGAATGG,1.1111
target_gene_20_15_98850390:98850540.fasta,AATATTTCCATTCCATACAGTGG,1.2549
target_intergenic_12_13_79084003:79084153.fasta,ACAGAAAGGTATTTAATGATAGG,1.0
target_intergenic_12_13_79084003:79084153.fasta,CAGAAAGGTATTTAATGATAGGG,1.0
target_intergenic_12_13_79084003:79084153.fasta,CAAAGCTGGATGTTGAAAAATGG,1.5143
target_intergenic_8_4_41578015:41578165.fasta,GCACTGGCCATGCGCAGTTCAGG,1.0
target_intergenic_8_4_41578015:41578165.fasta,TCAATGTCCTGAACTGCGCATGG,1.0
target_intergenic_8_4_41578015:41578165.fasta,GGTAAATGTGTGACTCACATTGG,1.0
target_intergenic_8_4_41578015:41578165.fasta,AGGCTGTCATTTTAGGGCACTGG,1.56
target_intergenic_8_4_41578015:41578165.fasta,ACTTTCTTGATCATGGCATGGGG,1.369
target_intergenic_8_4_41578015:41578165.fasta,GCCATGATCAAGAAAGTATCAGG,1.0
target_intergenic_8_4_41578015:41578165.fasta,GGACATTGATTCCTGCAGGAAGG,1.1667
target_intergenic_8_4_41578015:41578165.fasta,ATACTTTCTTGATCATGGCATGG,1.1875
target_intergenic_8_4_41578015:41578165.fasta,TTCAGGACATTGATTCCTGCAGG,1.0
target_intergenic_8_4_41578015:41578165.fasta,GACATTGATTCCTGCAGGAAGGG,1.0504
target_intergenic_8_4_41578015:41578165.fasta,TACTTTCTTGATCATGGCATGGG,1.3008
target_intergenic_8_4_41578015:41578165.fasta,AATTCTAAGGCTGTCATTTTAGG,1.0
target_intergenic_8_4_41578015:41578165.fasta,TCCTGATACTTTCTTGATCATGG,1.0
target_intergenic_8_4_41578015:41578165.fasta,ATGATCAAGAAAGTATCAGGAGG,1.901
target_intergenic_11_3_98495290:98495440.fasta,ATATGGACGGGGTGTAATGAGGG,1.0
target_intergenic_11_3_98495290:98495440.fasta,GATATGGACGGGGTGTAATGAGG,1.0
target_intergenic_11_3_98495290:98495440.fasta,ATTCAGTCCTCACTCACAACTGG,1.8381
target_intergenic_11_3_98495290:98495440.fasta,TCCTCACTCACAACTGGTCATGG,1.0
target_duplicated_15_NC_000073.7_103763649:103763799.fasta,ACTTCAGATCTTCTAGTATTAGG,1.0
target_duplicated_15_NC_000073.7_103763649:103763799.fasta,CTAGAAGATCTGAAGTCCCAGGG,1.0
target_gene_4_15_74916498:74916648.fasta,TGGCTGAGGTTACATAAAGAAGG,1.75
target_gene_4_15_74916498:74916648.fasta,AAGGGGGAGGAACGTGGCTGAGG,1.5994
target_gene_4_15_74916498:74916648.fasta,TCTGCCTGGTGAGCACTGGTTGG,1.2857
target_gene_15_15_38051807:38051957.fasta,CCACTTAACGATTCTCGAGCTGG,1.0
target_gene_15_15_38051807:38051957.fasta,CCAGCTCGAGAATCGTTAAGTGG,1.0
target_gene_15_15_38051807:38051957.fasta,TAGTAGTGTTAGCTCCTAATAGG,1.0
target_gene_15_15_38051807:38051957.fasta,CTTTCTTAGCAGTACCTATTAGG,1.0
target_gene_15_15_38051807:38051957.fasta,CGATTCTCGAGCTGGCAAAATGG,1.0
target_duplicated_33_NC_000074.7_111112715:111112865.fasta,TGGCATCTGCTGGCACTCATGGG,1.0
target_duplicated_31_NC_000072.7_79007482:79007632.fasta,CGACCACAGTCCTTTGGTGAAGG,1.84
target_duplicated_31_NC_000072.7_79007482:79007632.fasta,CTTCACCAAAGGACTGTGGTCGG,2.0
target_duplicated_31_NC_000072.7_79007482:79007632.fasta,AAGCCTTCACCAAAGGACTGTGG,1.0
target_gene_45_2_151416080:151416230.fasta,GGCTTTCTACAGGTGGTAAGTGG,1.0
target_gene_45_2_151416080:151416230.fasta,GCTTTCTACAGGTGGTAAGTGGG,1.0
target_gene_45_2_151416080:151416230.fasta,TCTGTGTATCTCACTAGGGCTGG,1.0
target_gene_45_2_151416080:151416230.fasta,TTTAAGAGGCTTTCTACAGGTGG,1.0
target_gene_45_2_151416080:151416230.fasta,TTCTTTAAGAGGCTTTCTACAGG,1.0
target_gene_45_2_151416080:151416230.fasta,ACTTTCTGTGTATCTCACTAGGG,1.0
target_gene_45_2_151416080:151416230.fasta,TTAAAGAAAAACTAGGTGTAGGG,1.375
target_gene_45_2_151416080:151416230.fasta,CTTAAAGAAAAACTAGGTGTAGG,1.0
target_gene_45_2_151416080:151416230.fasta,AAGAAAAACTAGGTGTAGGGAGG,1.6087
target_gene_29_19_6134130:6134280.fasta,AAAACGAGGCATTTGAGCCTTGG,1.0
target_gene_29_19_6134130:6134280.fasta,TTGGAGTGGTGTGTGCATCGTGG,1.0
target_gene_29_19_6134130:6134280.fasta,ACGATGCACACACCACTCCAAGG,1.0
target_gene_29_19_6134130:6134280.fasta,GAGTCTGATGAGAGAAAACGAGG,1.6667
target_gene_29_19_6134130:6134280.fasta,ATTTATTGAGCAGCTACTGAAGG,1.8668
target_gene_29_19_6134130:6134280.fasta,ATAAATGGTCACTCAATAAATGG,1.0
target_gene_29_19_6134130:6134280.fasta,GAGGCATTTGAGCCTTGGAGTGG,1.0
target_intergenic_17_7_68006789:68006939.fasta,TGCTATCGGTCAAGTTTCAAAGG,1.0
target_intergenic_17_7_68006789:68006939.fasta,AGAGGGAACTATGGTGCTATCGG,1.0
target_intergenic_17_7_68006789:68006939.fasta,GCCTACAGTCTCTTTACTGGAGG,1.0
target_intergenic_17_7_68006789:68006939.fasta,TAGGCATGTACAGACTGACTGGG,1.0
target_intergenic_17_7_68006789:68006939.fasta,TTCCCTGCTCTCAGTTACATGGG,1.044
target_intergenic_17_7_68006789:68006939.fasta,GTAGGCATGTACAGACTGACTGG,1.0
target_intergenic_17_7_68006789:68006939.fasta,GACTGGGAAATCACATCAGAGGG,1.0
target_intergenic_17_7_68006789:68006939.fasta,CATGCCTACAGTCTCTTTACTGG,2.0
target_intergenic_17_7_68006789:68006939.fasta,CCTACAGTCTCTTTACTGGAGGG,1.0
target_intergenic_17_7_68006789:68006939.fasta,CTACAGTCTCTTTACTGGAGGGG,1.0
target_intergenic_17_7_68006789:68006939.fasta,TCTCCCATGTAACTGAGAGCAGG,1.0
target_intergenic_17_7_68006789:68006939.fasta,CCCTCCAGTAAAGAGACTGTAGG,1.0
target_intergenic_17_7_68006789:68006939.fasta,CTTCCCTGCTCTCAGTTACATGG,1.5844
target_intergenic_17_7_68006789:68006939.fasta,TGACTGGGAAATCACATCAGAGG,1.1905
target_intergenic_17_7_68006789:68006939.fasta,CTCCCATGTAACTGAGAGCAGGG,1.0
target_intergenic_17_7_68006789:68006939.fasta,AATCACATCAGAGGGAACTATGG,1.0
target_intergenic_9_2_144129316:144129466.fasta,GGTAACTGAGTGGGTAATATAGG,1.0
target_intergenic_9_2_144129316:144129466.fasta,CTGAGTGGGTAATATAGGTCTGG,1.0
target_intergenic_9_2_144129316:144129466.fasta,CAGTTACCCAGAAATACCCAAGG,1.0
target_intergenic_9_2_144129316:144129466.fasta,GTATTTCTGGGTAACTGAGTGGG,1.0
target_intergenic_14_10_116220680:116220830.fasta,TTTGAAGGGTTTTTAGACTAAGG,1.0
target_intergenic_14_10_116220680:116220830.fasta,GTTTTTAGACTAAGGAGAGCTGG,1.0
target_intergenic_22_14_114139859:114140009.fasta,CTTATCTGCAAGCTAGGTTATGG,1.0
target_intergenic_22_14_114139859:114140009.fasta,TTGCAGATAAGCTCATTTACTGG,1.0
target_intergenic_22_14_114139859:114140009.fasta,AATGAGCTTATCTGCAAGCTAGG,1.0
target_intergenic_22_14_114139859:114140009.fasta,ATAAGCTCATTTACTGGCTTTGG,1.0
target_intergenic_22_14_114139859:114140009.fasta,GTTTCATCTCTTGGTACATTTGG,1.1387
target_intergenic_22_14_114139859:114140009.fasta,CATTTACTGGCTTTGGGTTGGGG,1.0
target_intergenic_22_14_114139859:114140009.fasta,TAAGCTCATTTACTGGCTTTGGG,1.7624
target_intergenic_22_14_114139859:114140009.fasta,TCATTTACTGGCTTTGGGTTGGG,1.0
target_intergenic_41_13_28717174:28717324.fasta,TTGGCCAGGCCACATAATGCAGG,1.6316
target_intergenic_41_13_28717174:28717324.fasta,CTGGCCTGCATTATGTGGCCTGG,1.0
target_intergenic_41_13_28717174:28717324.fasta,TGAGTCTGGCCTGCATTATGTGG,1.0
target_intergenic_41_13_28717174:28717324.fasta,TGGGAAGCAACTTTTGTATCTGG,1.0
target_intergenic_41_13_28717174:28717324.fasta,CTAAAGCATGAGAGAGTGACAGG,1.0
target_intergenic_41_13_28717174:28717324.fasta,AGAGTGACAGGCAGTTGGCCAGG,1.0
target_duplicated_39_NC_000084.7_36896307:36896457.fasta,CTATCGGCGACGCAAGAAAAAGG,1.0
target_duplicated_39_NC_000084.7_36896307:36896457.fasta,TATCGGCGACGCAAGAAAAAGGG,1.0
target_duplicated_39_NC_000084.7_36896307:36896457.fasta,CGGCGACGCAAGAAAAAGGGAGG,1.0
target_duplicated_39_NC_000084.7_36896307:36896457.fasta,GCTTCGTGCCCTGAGCAGTAAGG,1.3077
target_duplicated_39_NC_000084.7_36896307:36896457.fasta,TTACTGCTCAGGGCACGAAGCGG,1.6667
target_duplicated_39_NC_000084.7_36896307:36896457.fasta,GTGCCCTGAGCAGTAAGGCTTGG,2.8663
target_gene_14_16_27211394:27211544.fasta,GTATGTACAGCTTTACCATTTGG,1.0
target_gene_14_16_27211394:27211544.fasta,ATTTGGGAGCTTGGAGCCGATGG,1.0
target_gene_14_16_27211394:27211544.fasta,ATCGGCTCCAAGCTCCCAAATGG,1.0
target_gene_14_16_27211394:27211544.fasta,TATGTACAGCTTTACCATTTGGG,1.0
target_gene_35_11_72335505:72335655.fasta,TCATAGTCAACTGCCGCTTAGGG,1.0
target_gene_35_11_72335505:72335655.fasta,ATCATAGTCAACTGCCGCTTAGG,1.0
target_gene_35_11_72335505:72335655.fasta,CCAGAGATAAGTACATACGTGGG,1.1071
target_gene_35_11_72335505:72335655.fasta,CCCACGTATGTACTTATCTCTGG,1.3571
target_gene_35_11_72335505:72335655.fasta,TAAGCGGCAGTTGACTATGATGG,1.0
target_gene_35_11_72335505:72335655.fasta,TACGTGGGTACCTTCCTAGAGGG,1.0
target_gene_35_11_72335505:72335655.fasta,ACGTGGGTACCTTCCTAGAGGGG,1.0
target_gene_35_11_72335505:72335655.fasta,ACTGCCGCTTAGGGTCATCCTGG,1.0
target_gene_35_11_72335505:72335655.fasta,CCCAGAGATAAGTACATACGTGG,1.0487
target_gene_35_11_72335505:72335655.fasta,CCACGTATGTACTTATCTCTGGG,1.2541
target_gene_35_11_72335505:72335655.fasta,ATACGTGGGTACCTTCCTAGAGG,1.0
target_gene_35_11_72335505:72335655.fasta,TACCTTCCTAGAGGGGTGCCAGG,1.4239
target_gene_35_11_72335505:72335655.fasta,ATCCTGGCACCCCTCTAGGAAGG,1.0
target_gene_35_11_72335505:72335655.fasta,GCGGCAGTTGACTATGATGGTGG,1.0
target_gene_35_11_72335505:72335655.fasta,GGTCATCCTGGCACCCCTCTAGG,1.0
target_gene_35_11_72335505:72335655.fasta,GGTGCCAGGATGACCCTAAGCGG,1.0
target_gene_35_11_72335505:72335655.fasta,TCTCTGGGATGATCTTAAATAGG,2.2133
target_gene_35_11_72335505:72335655.fasta,TTGATTGGTGATGGTTGTAAAGG,1.5003
